InvoiceDate,InvoiceNo,ProductID,ProductName,Category,Quantity,UnitPrice,CostPrice,CustomerID,PaymentMethod
2024-01-01 00:00:00.000000000,8270,128,Product_128,Toys,1,464.28,265.60982311066084,151,Card
2024-01-01 08:46:07.567567567,1860,154,Product_154,Toys,7,61.64,32.57609786952314,123,Cash
2024-01-01 17:32:15.135135135,6390,102,Product_102,Electronics,5,384.58,228.62340062599924,144,Cash
2024-01-02 02:18:22.702702702,6191,131,Product_131,Clothing,5,210.74,111.48007971334029,189,Card
2024-01-02 11:04:30.270270270,6734,109,Product_109,Books,1,331.04,183.08798998023153,255,Online
2024-01-02 19:50:37.837837837,7265,173,Product_173,Toys,6,137.52,109.49354055835775,68,Cash
2024-01-03 04:36:45.405405405,1466,182,Product_182,Electronics,9,88.15,55.81931856239554,104,Card
2024-01-03 13:22:52.972972972,5426,133,Product_133,Toys,9,88.63,58.45693839960188,159,Card
2024-01-03 22:09:00.540540540,6578,196,Product_196,Books,8,44.54,33.94329078098667,90,Online
2024-01-04 06:55:08.108108108,9322,186,Product_186,Books,5,100.97,80.64177756476343,256,Cash
2024-01-04 15:41:15.675675675,2685,154,Product_154,Home,1,335.47,226.3799648964981,220,Card
2024-01-05 00:27:23.243243243,1769,191,Product_191,Electronics,9,442.03,328.75634093484655,9,Online
2024-01-05 09:13:30.810810810,7949,131,Product_131,Books,1,408.92,244.567817101526,12,Card
2024-01-05 17:59:38.378378378,3433,149,Product_149,Home,8,345.72,204.57054029060328,244,Cash
2024-01-06 02:45:45.945945945,6311,106,Product_106,Home,5,64.11,39.800200665888376,182,Online
2024-01-06 11:31:53.513513513,6051,192,Product_192,Toys,3,151.7,106.45580552427776,284,Card
2024-01-06 20:18:01.081081081,7420,107,Product_107,Toys,7,161.81,114.02063117151027,99,Online
2024-01-07 05:04:08.648648648,2184,164,Product_164,Home,7,132.48,78.76887609070778,197,Cash
2024-01-07 13:50:16.216216216,5555,156,Product_156,Toys,9,262.35,141.65928707917337,226,Online
2024-01-07 22:36:23.783783783,4385,166,Product_166,Books,7,272.42,187.8932164559002,103,Cash
2024-01-08 07:22:31.351351351,7396,187,Product_187,Clothing,3,184.87,99.55208064285108,106,Card
2024-01-08 16:08:38.918918918,9666,186,Product_186,Books,1,183.36,123.501715892679,58,Cash
2024-01-09 00:54:46.486486486,3558,158,Product_158,Home,8,415.99,294.5320013150432,78,Card
2024-01-09 09:40:54.054054054,8849,171,Product_171,Home,3,396.75,281.7652833583496,75,Card
2024-01-09 18:27:01.621621621,3047,153,Product_153,Books,8,160.82,116.76201545088291,42,Cash
2024-01-10 03:13:09.189189189,3747,166,Product_166,Toys,8,457.76,348.74803864476957,181,Card
2024-01-10 11:59:16.756756756,1189,150,Product_150,Toys,5,476.88,309.9661332264505,33,Online
2024-01-10 20:45:24.324324324,3734,196,Product_196,Home,1,170.1,122.31461614169402,71,Card
2024-01-11 05:31:31.891891891,4005,191,Product_191,Electronics,7,183.67,125.95203689139296,56,Cash
2024-01-11 14:17:39.459459459,5658,107,Product_107,Toys,5,257.76,143.3124932646752,105,Online
2024-01-11 23:03:47.027027027,2899,133,Product_133,Books,8,471.15,239.20610285406647,200,Online
2024-01-12 07:49:54.594594594,8734,134,Product_134,Toys,9,439.4,257.2082454599334,101,Card
2024-01-12 16:36:02.162162162,2267,195,Product_195,Books,7,60.26,38.13916334317148,256,Card
2024-01-13 01:22:09.729729729,2528,187,Product_187,Home,7,202.44,138.69807821704117,74,Cash
2024-01-13 10:08:17.297297297,4556,177,Product_177,Toys,1,281.15,212.26481973129287,171,Online
2024-01-13 18:54:24.864864864,4890,131,Product_131,Books,4,256.53,143.36787411198978,143,Cash
2024-01-14 03:40:32.432432432,9838,145,Product_145,Home,2,104.99,56.44944173243233,166,Card
2024-01-14 12:26:40.000000000,6393,115,Product_115,Electronics,2,430.82,339.9359292912669,261,Online
2024-01-14 21:12:47.567567567,9792,167,Product_167,Books,2,341.7,181.92564778167548,221,Cash
2024-01-15 05:58:55.135135135,9433,136,Product_136,Electronics,4,420.58,270.6631322797045,83,Cash
2024-01-15 14:45:02.702702702,8513,153,Product_153,Electronics,1,430.79,291.07149961806,182,Cash
2024-01-15 23:31:10.270270270,3612,184,Product_184,Clothing,4,376.69,249.52409918348687,10,Cash
2024-01-16 08:17:17.837837837,8041,113,Product_113,Toys,2,225.21,118.41759062561675,4,Cash
2024-01-16 17:03:25.405405405,7235,194,Product_194,Books,5,309.17,159.87430330074972,292,Online
2024-01-17 01:49:32.972972973,6486,154,Product_154,Electronics,3,88.58,47.093116601349564,281,Cash
2024-01-17 10:35:40.540540540,8099,147,Product_147,Clothing,8,340.09,229.79075462247104,215,Online
2024-01-17 19:21:48.108108108,1775,181,Product_181,Home,4,97.83,64.89097810717969,98,Cash
2024-01-18 04:07:55.675675675,9226,106,Product_106,Books,1,350.04,199.5655880533626,101,Card
2024-01-18 12:54:03.243243243,4152,173,Product_173,Electronics,1,122.5,84.6881997128255,9,Card
2024-01-18 21:40:10.810810810,2585,106,Product_106,Toys,3,67.6,50.43096894168857,61,Cash
2024-01-19 06:26:18.378378378,4943,132,Product_132,Clothing,9,90.99,46.62998086693247,146,Card
2024-01-19 15:12:25.945945946,8555,122,Product_122,Electronics,7,10.98,7.130840034047252,63,Online
2024-01-19 23:58:33.513513513,4073,184,Product_184,Toys,2,362.18,255.98633351660573,121,Cash
2024-01-20 08:44:41.081081081,2021,118,Product_118,Electronics,9,368.88,212.36184709723986,226,Online
2024-01-20 17:30:48.648648648,4843,118,Product_118,Books,2,262.32,155.38033916294967,105,Cash
2024-01-21 02:16:56.216216216,8989,135,Product_135,Books,3,89.07,60.932018405779324,260,Card
2024-01-21 11:03:03.783783783,7873,128,Product_128,Books,2,50.94,39.192247154407184,255,Online
2024-01-21 19:49:11.351351351,6675,159,Product_159,Clothing,3,19.37,14.39147080638015,207,Card
2024-01-22 04:35:18.918918918,1161,181,Product_181,Books,6,91.22,61.5679415758792,28,Card
2024-01-22 13:21:26.486486486,5297,101,Product_101,Toys,9,446.52,321.0775804238901,170,Cash
2024-01-22 22:07:34.054054054,1995,100,Product_100,Electronics,9,128.35,78.22248921535129,76,Online
2024-01-23 06:53:41.621621621,8629,146,Product_146,Home,7,183.59,127.09745839109527,116,Card
2024-01-23 15:39:49.189189189,2016,168,Product_168,Toys,3,61.62,39.42783289358402,69,Cash
2024-01-24 00:25:56.756756756,8869,119,Product_119,Toys,4,118.96,66.25844083789744,234,Cash
2024-01-24 09:12:04.324324324,7439,110,Product_110,Books,6,264.42,187.8760903135873,1,Cash
2024-01-24 17:58:11.891891891,8892,101,Product_101,Clothing,5,307.8,205.28394461279024,167,Card
2024-01-25 02:44:19.459459459,7863,166,Product_166,Electronics,2,130.22,79.119910720599,218,Cash
2024-01-25 11:30:27.027027027,8916,186,Product_186,Clothing,6,38.29,29.613553276433233,273,Online
2024-01-25 20:16:34.594594594,9529,111,Product_111,Electronics,3,201.61,102.07115824851432,251,Online
2024-01-26 05:02:42.162162162,1878,119,Product_119,Electronics,8,124.76,74.19875750496615,174,Card
2024-01-26 13:48:49.729729729,5887,104,Product_104,Clothing,2,117.58,60.7964344252087,170,Online
2024-01-26 22:34:57.297297297,5859,136,Product_136,Toys,1,480.33,350.62081974022027,246,Cash
2024-01-27 07:21:04.864864865,7331,137,Product_137,Electronics,9,311.99,221.71015138268868,90,Card
2024-01-27 16:07:12.432432432,9571,193,Product_193,Clothing,3,282.87,169.5538806341826,49,Cash
2024-01-28 00:53:20.000000000,9684,108,Product_108,Electronics,1,213.73,150.18782962661533,294,Card
2024-01-28 09:39:27.567567567,8208,197,Product_197,Home,7,220.18,136.2432375391473,150,Card
2024-01-28 18:25:35.135135135,6276,152,Product_152,Toys,5,275.04,199.9200128378479,132,Cash
2024-01-29 03:11:42.702702702,3062,143,Product_143,Books,5,351.25,223.4846034608804,59,Online
2024-01-29 11:57:50.270270270,1064,198,Product_198,Electronics,1,354.05,220.81529129164036,199,Online
2024-01-29 20:43:57.837837837,9006,185,Product_185,Home,9,94.13,73.46083808347413,215,Card
2024-01-30 05:30:05.405405405,3568,123,Product_123,Books,7,255.06,146.7267669654366,49,Cash
2024-01-30 14:16:12.972972973,6463,180,Product_180,Books,8,211.86,113.58539203550173,232,Cash
2024-01-30 23:02:20.540540540,3027,173,Product_173,Electronics,9,436.56,294.83644245736474,247,Card
2024-01-31 07:48:28.108108108,3695,129,Product_129,Clothing,6,319.4,252.58041605307002,239,Online
2024-01-31 16:34:35.675675675,6258,158,Product_158,Electronics,5,270.93,166.17539345253203,168,Cash
2024-02-01 01:20:43.243243243,6618,186,Product_186,Home,6,66.54,34.50837787555774,48,Online
2024-02-01 10:06:50.810810810,7736,195,Product_195,Books,2,306.76,184.6055851399649,51,Online
2024-02-01 18:52:58.378378378,1391,180,Product_180,Electronics,4,67.43,43.94949143523036,299,Card
2024-02-02 03:39:05.945945946,6892,180,Product_180,Clothing,3,175.23,96.12713053564885,98,Card
2024-02-02 12:25:13.513513513,4561,113,Product_113,Electronics,7,79.99,55.78747892670164,216,Online
2024-02-02 21:11:21.081081081,7184,108,Product_108,Toys,9,349.12,279.0602800073724,177,Cash
2024-02-03 05:57:28.648648648,4099,139,Product_139,Clothing,5,111.06,70.58105586074974,80,Cash
2024-02-03 14:43:36.216216216,7278,165,Product_165,Home,6,202.01,122.50261472352108,185,Card
2024-02-03 23:29:43.783783783,9392,124,Product_124,Books,2,448.88,278.40042592259664,27,Online
2024-02-04 08:15:51.351351351,4104,172,Product_172,Electronics,3,110.12,58.86396914946387,195,Cash
2024-02-04 17:01:58.918918919,8215,121,Product_121,Clothing,3,258.82,197.99266205634058,214,Cash
2024-02-05 01:48:06.486486486,3454,103,Product_103,Toys,9,215.44,134.53101176765603,114,Card
2024-02-05 10:34:14.054054054,9996,125,Product_125,Clothing,7,18.88,11.633522266310301,242,Online
2024-02-05 19:20:21.621621621,3731,157,Product_157,Toys,8,398.45,278.08107677474425,124,Cash
2024-02-06 04:06:29.189189189,9154,128,Product_128,Home,9,43.83,27.727297451823343,76,Card
2024-02-06 12:52:36.756756756,6056,197,Product_197,Books,6,242.38,168.3256484508937,196,Cash
2024-02-06 21:38:44.324324324,9110,186,Product_186,Home,4,284.73,147.61368065668174,44,Cash
2024-02-07 06:24:51.891891892,4840,136,Product_136,Electronics,1,317.93,236.57711880088235,186,Cash
2024-02-07 15:10:59.459459459,2028,174,Product_174,Clothing,8,347.43,271.74278650466727,246,Card
2024-02-07 23:57:07.027027027,8385,169,Product_169,Toys,7,134.1,93.1498314851921,84,Online
2024-02-08 08:43:14.594594594,1502,117,Product_117,Toys,2,14.89,11.70904600421231,207,Card
2024-02-08 17:29:22.162162162,7910,184,Product_184,Clothing,8,364.49,198.8036692794124,151,Online
2024-02-09 02:15:29.729729729,7938,141,Product_141,Clothing,5,272.47,175.25947674431362,156,Cash
2024-02-09 11:01:37.297297297,5488,199,Product_199,Electronics,7,419.7,285.62348587107124,16,Online
2024-02-09 19:47:44.864864864,1206,140,Product_140,Home,4,412.48,278.22641969848735,165,Cash
2024-02-10 04:33:52.432432432,6134,137,Product_137,Toys,5,423.23,262.58820062915674,145,Cash
2024-02-10 13:20:00.000000000,6977,133,Product_133,Electronics,8,247.7,148.9730524600069,37,Card
2024-02-10 22:06:07.567567567,8721,116,Product_116,Home,1,173.48,93.34042942961399,45,Cash
2024-02-11 06:52:15.135135135,8035,136,Product_136,Electronics,1,397.86,245.68759541421244,206,Card
2024-02-11 15:38:22.702702702,2484,124,Product_124,Toys,4,231.13,126.84373825859922,62,Online
2024-02-12 00:24:30.270270270,8858,175,Product_175,Clothing,3,99.89,71.95173622744231,19,Online
2024-02-12 09:10:37.837837837,1863,186,Product_186,Clothing,2,428.94,241.34278244131485,7,Cash
2024-02-12 17:56:45.405405405,3790,185,Product_185,Home,3,442.45,228.99866579694262,249,Card
2024-02-13 02:42:52.972972973,8408,184,Product_184,Books,1,238.49,158.76514006240967,117,Cash
2024-02-13 11:29:00.540540540,9755,126,Product_126,Home,1,47.09,31.95381043412699,68,Card
2024-02-13 20:15:08.108108108,6116,156,Product_156,Books,6,200.03,152.33763089438185,34,Card
2024-02-14 05:01:15.675675675,7019,130,Product_130,Electronics,5,403.73,271.7484359144172,194,Card
2024-02-14 13:47:23.243243243,2757,105,Product_105,Electronics,8,451.87,272.768730011604,55,Online
2024-02-14 22:33:30.810810810,8574,190,Product_190,Toys,2,109.7,81.2771210210312,266,Card
2024-02-15 07:19:38.378378378,7374,139,Product_139,Books,4,42.82,28.35042266188561,42,Online
2024-02-15 16:05:45.945945946,7892,197,Product_197,Toys,8,439.9,230.41261916277836,297,Card
2024-02-16 00:51:53.513513513,2678,111,Product_111,Clothing,6,200.81,134.49353530495094,231,Online
2024-02-16 09:38:01.081081081,4242,152,Product_152,Books,1,275.46,212.76683655655535,10,Online
2024-02-16 18:24:08.648648648,5636,170,Product_170,Home,4,484.35,299.761206048019,128,Online
2024-02-17 03:10:16.216216216,2059,109,Product_109,Clothing,1,42.62,25.09882170309084,179,Cash
2024-02-17 11:56:23.783783783,7668,144,Product_144,Clothing,2,327.68,177.94362150269947,193,Card
2024-02-17 20:42:31.351351351,4157,116,Product_116,Home,5,46.31,25.25903263624792,92,Cash
2024-02-18 05:28:38.918918919,6915,125,Product_125,Clothing,8,193.98,122.1747037597878,231,Card
2024-02-18 14:14:46.486486486,3693,184,Product_184,Books,8,403.87,274.10816317523506,78,Card
2024-02-18 23:00:54.054054054,4627,191,Product_191,Toys,3,222.4,116.57865983291583,85,Cash
2024-02-19 07:47:01.621621621,6450,161,Product_161,Clothing,4,498.62,389.8563069579185,30,Online
2024-02-19 16:33:09.189189189,2663,145,Product_145,Books,6,283.94,206.29379180121668,213,Card
2024-02-20 01:19:16.756756756,6592,163,Product_163,Electronics,3,167.37,113.13997356094099,49,Online
2024-02-20 10:05:24.324324324,8392,101,Product_101,Books,2,117.85,88.21444921104802,265,Cash
2024-02-20 18:51:31.891891891,2306,153,Product_153,Toys,6,181.76,95.25242347545091,145,Online
2024-02-21 03:37:39.459459459,7776,164,Product_164,Books,5,192.54,123.81316725562073,69,Card
2024-02-21 12:23:47.027027027,6864,150,Product_150,Home,5,43.67,30.089850055014654,58,Card
2024-02-21 21:09:54.594594594,8526,152,Product_152,Toys,5,191.09,143.04918514904318,185,Card
2024-02-22 05:56:02.162162162,9901,135,Product_135,Electronics,5,237.48,174.55750533615006,62,Cash
2024-02-22 14:42:09.729729730,6575,125,Product_125,Home,3,364.14,212.33759897719122,296,Card
2024-02-22 23:28:17.297297297,6530,128,Product_128,Books,7,331.8,259.5552120779232,166,Cash
2024-02-23 08:14:24.864864865,5413,120,Product_120,Toys,6,357.3,191.97863074297499,171,Online
2024-02-23 17:00:32.432432432,4748,110,Product_110,Electronics,4,14.1,10.751815206767473,63,Card
2024-02-24 01:46:40.000000000,1663,139,Product_139,Home,2,116.66,92.31096685566244,147,Card
2024-02-24 10:32:47.567567567,2998,110,Product_110,Electronics,9,334.23,184.87800662000944,161,Card
2024-02-24 19:18:55.135135135,8994,135,Product_135,Books,1,247.15,177.11258833038966,141,Online
2024-02-25 04:05:02.702702703,2495,158,Product_158,Electronics,4,12.6,6.452279260980834,97,Card
2024-02-25 12:51:10.270270270,4304,138,Product_138,Clothing,1,404.2,251.26157177637393,221,Cash
2024-02-25 21:37:17.837837838,4763,198,Product_198,Home,6,388.68,254.54069781964557,43,Online
2024-02-26 06:23:25.405405405,6232,153,Product_153,Electronics,4,278.73,187.91797314533773,292,Online
2024-02-26 15:09:32.972972973,2853,197,Product_197,Books,5,42.57,33.23785459738235,108,Online
2024-02-26 23:55:40.540540540,7585,154,Product_154,Books,5,385.59,270.55894275413056,266,Online
2024-02-27 08:41:48.108108108,2291,123,Product_123,Electronics,9,296.02,190.75036973597554,95,Online
2024-02-27 17:27:55.675675675,4581,121,Product_121,Books,1,393.16,292.0795511774892,262,Cash
2024-02-28 02:14:03.243243243,8554,168,Product_168,Toys,2,378.36,297.0730794408931,71,Online
2024-02-28 11:00:10.810810811,8280,155,Product_155,Toys,6,403.47,204.40590870265316,219,Card
2024-02-28 19:46:18.378378378,2636,132,Product_132,Toys,5,263.82,209.67262861397646,21,Online
2024-02-29 04:32:25.945945946,4696,135,Product_135,Clothing,7,78.76,41.41513018179664,92,Online
2024-02-29 13:18:33.513513513,1698,119,Product_119,Electronics,3,338.87,252.2263743672416,127,Online
2024-02-29 22:04:41.081081081,5737,182,Product_182,Clothing,3,314.03,183.425056703116,80,Online
2024-03-01 06:50:48.648648648,1854,198,Product_198,Books,2,373.7,201.66866143078656,238,Online
2024-03-01 15:36:56.216216216,9164,180,Product_180,Clothing,3,93.24,58.923641954075386,182,Cash
2024-03-02 00:23:03.783783784,6855,161,Product_161,Books,1,105.54,73.15895321847034,25,Cash
2024-03-02 09:09:11.351351351,8392,197,Product_197,Books,5,446.3,274.15564253019306,156,Online
2024-03-02 17:55:18.918918919,7528,172,Product_172,Home,5,377.49,194.9243687917908,5,Cash
2024-03-03 02:41:26.486486486,6249,125,Product_125,Toys,7,455.03,309.3468407136718,120,Card
2024-03-03 11:27:34.054054054,6172,165,Product_165,Books,4,381.77,294.2381496162317,277,Online
2024-03-03 20:13:41.621621621,2707,172,Product_172,Home,3,302.61,186.09444056678936,18,Card
2024-03-04 04:59:49.189189189,6791,172,Product_172,Toys,1,330.53,186.71634189709516,198,Card
2024-03-04 13:45:56.756756757,6535,139,Product_139,Books,8,445.67,282.00803372856336,57,Online
2024-03-04 22:32:04.324324324,5931,116,Product_116,Books,3,293.62,151.0700777654429,93,Card
2024-03-05 07:18:11.891891892,4510,100,Product_100,Clothing,2,319.87,238.6698090943117,19,Card
2024-03-05 16:04:19.459459459,1202,188,Product_188,Clothing,4,86.67,64.82068742551581,193,Card
2024-03-06 00:50:27.027027027,5218,160,Product_160,Toys,3,242.22,163.83764167557737,237,Online
2024-03-06 09:36:34.594594594,9958,142,Product_142,Books,1,361.03,218.75922079802803,277,Online
2024-03-06 18:22:42.162162162,5389,141,Product_141,Electronics,3,142.76,105.633121932484,227,Card
2024-03-07 03:08:49.729729730,3327,124,Product_124,Clothing,2,109.1,72.70490632132326,233,Online
2024-03-07 11:54:57.297297297,9004,138,Product_138,Toys,8,163.78,122.4713580482965,40,Online
2024-03-07 20:41:04.864864865,3931,134,Product_134,Books,6,128.34,88.48242643203146,153,Card
2024-03-08 05:27:12.432432432,8777,102,Product_102,Books,9,115.31,84.7899385348503,127,Online
2024-03-08 14:13:20.000000000,1197,143,Product_143,Electronics,8,218.18,148.26834215807528,237,Cash
2024-03-08 22:59:27.567567567,8125,150,Product_150,Toys,3,454.84,283.93037704016405,55,Online
2024-03-09 07:45:35.135135135,2930,193,Product_193,Books,5,258.46,203.50720608695286,172,Cash
2024-03-09 16:31:42.702702702,7287,197,Product_197,Clothing,7,102.08,67.61106977308975,109,Card
2024-03-10 01:17:50.270270270,9800,111,Product_111,Electronics,5,47.72,32.522461547426346,184,Online
2024-03-10 10:03:57.837837838,5282,118,Product_118,Toys,8,351.12,198.78528598539202,198,Card
2024-03-10 18:50:05.405405405,3511,143,Product_143,Electronics,5,197.57,135.86794794014412,87,Card
2024-03-11 03:36:12.972972973,1659,158,Product_158,Clothing,1,412.7,277.1207430824833,201,Card
2024-03-11 12:22:20.540540540,3811,148,Product_148,Toys,5,333.16,185.05422819800927,275,Card
2024-03-11 21:08:28.108108108,8098,160,Product_160,Electronics,4,400.16,207.23331186305023,211,Card
2024-03-12 05:54:35.675675675,7546,116,Product_116,Home,6,143.25,97.5973417647423,118,Online
2024-03-12 14:40:43.243243243,2986,173,Product_173,Clothing,3,349.26,254.6481485979879,191,Cash
2024-03-12 23:26:50.810810811,9338,156,Product_156,Clothing,5,139.39,91.58207512784561,42,Online
2024-03-13 08:12:58.378378378,3911,154,Product_154,Clothing,2,470.14,267.0544646203334,42,Online
2024-03-13 16:59:05.945945946,2734,146,Product_146,Home,6,321.82,225.26003076180575,276,Online
2024-03-14 01:45:13.513513513,2843,111,Product_111,Home,6,169.01,88.56660065628667,17,Online
2024-03-14 10:31:21.081081081,9680,161,Product_161,Books,5,142.06,89.8600688312497,283,Cash
2024-03-14 19:17:28.648648648,3976,179,Product_179,Electronics,6,103.55,56.84998834964693,258,Online
2024-03-15 04:03:36.216216216,2959,187,Product_187,Books,7,350.37,194.57367531595543,63,Card
2024-03-15 12:49:43.783783784,6759,182,Product_182,Electronics,5,117.17,65.69583460686002,62,Online
2024-03-15 21:35:51.351351351,7694,107,Product_107,Home,1,301.7,185.85085573305042,100,Online
2024-03-16 06:21:58.918918919,3385,194,Product_194,Home,8,139.67,71.97824476570027,19,Cash
2024-03-16 15:08:06.486486486,5736,120,Product_120,Books,4,334.36,207.08186447271598,17,Cash
2024-03-16 23:54:14.054054054,2802,180,Product_180,Toys,9,409.32,267.4956276758968,246,Card
2024-03-17 08:40:21.621621621,9155,186,Product_186,Books,6,391.23,252.33876693221265,251,Online
2024-03-17 17:26:29.189189189,9120,179,Product_179,Electronics,1,382.82,235.3712227948876,81,Online
2024-03-18 02:12:36.756756757,7616,169,Product_169,Books,3,101.98,76.6628513273166,39,Online
2024-03-18 10:58:44.324324324,6534,171,Product_171,Clothing,3,53.31,28.97920979188112,36,Card
2024-03-18 19:44:51.891891892,5061,124,Product_124,Electronics,4,352.48,229.71439647441764,197,Cash
2024-03-19 04:30:59.459459459,1262,181,Product_181,Electronics,6,190.49,98.79048085481621,158,Card
2024-03-19 13:17:07.027027027,7287,188,Product_188,Toys,7,221.85,115.66076620771928,204,Online
2024-03-19 22:03:14.594594594,9815,111,Product_111,Home,4,25.26,16.97875540885304,196,Cash
2024-03-20 06:49:22.162162162,3049,114,Product_114,Electronics,6,137.19,91.89062031310806,216,Cash
2024-03-20 15:35:29.729729729,6423,158,Product_158,Home,1,26.5,20.230366427113434,285,Card
2024-03-21 00:21:37.297297297,5548,125,Product_125,Books,8,440.8,294.1732148692881,196,Cash
2024-03-21 09:07:44.864864865,4108,125,Product_125,Clothing,7,129.26,101.84877618925928,152,Cash
2024-03-21 17:53:52.432432432,8158,146,Product_146,Toys,9,283.1,145.68565347460606,14,Online
2024-03-22 02:40:00.000000000,8400,131,Product_131,Home,3,29.1,15.40560708813587,146,Online
2024-03-22 11:26:07.567567567,4170,109,Product_109,Electronics,2,336.76,172.8318858627325,57,Cash
2024-03-22 20:12:15.135135135,3255,115,Product_115,Home,1,168.28,93.49351651223843,211,Cash
2024-03-23 04:58:22.702702702,2154,170,Product_170,Electronics,3,449.98,298.0582173564609,268,Card
2024-03-23 13:44:30.270270270,5499,116,Product_116,Home,5,445.18,308.8087471183587,210,Card
2024-03-23 22:30:37.837837838,7295,122,Product_122,Electronics,2,169.39,87.01150097147749,17,Cash
2024-03-24 07:16:45.405405405,7197,125,Product_125,Books,3,451.47,353.8582432915779,286,Online
2024-03-24 16:02:52.972972973,2648,184,Product_184,Electronics,4,498.12,374.9098252251264,203,Cash
2024-03-25 00:49:00.540540540,6539,185,Product_185,Electronics,7,414.45,244.1043129690022,99,Cash
2024-03-25 09:35:08.108108108,5199,106,Product_106,Clothing,3,423.99,221.81302228221605,279,Online
2024-03-25 18:21:15.675675675,9445,113,Product_113,Electronics,9,132.01,72.73303776069432,209,Online
2024-03-26 03:07:23.243243243,3557,178,Product_178,Clothing,8,292.58,157.43241897292899,129,Card
2024-03-26 11:53:30.810810811,6592,106,Product_106,Toys,4,42.96,23.068881347604826,288,Card
2024-03-26 20:39:38.378378378,1098,108,Product_108,Clothing,1,56.51,37.04617630795019,252,Card
2024-03-27 05:25:45.945945946,3200,147,Product_147,Books,1,499.46,286.5672890883261,265,Card
2024-03-27 14:11:53.513513513,3961,171,Product_171,Clothing,1,170.05,103.2954976387343,271,Online
2024-03-27 22:58:01.081081081,5973,158,Product_158,Toys,1,376.61,300.1022810817609,188,Cash
2024-03-28 07:44:08.648648648,5433,186,Product_186,Books,8,405.27,285.8346106985923,214,Card
2024-03-28 16:30:16.216216216,3869,192,Product_192,Home,3,430.43,337.75592455511224,283,Card
2024-03-29 01:16:23.783783784,1956,181,Product_181,Home,6,498.84,270.75387357381584,211,Online
2024-03-29 10:02:31.351351351,9352,194,Product_194,Clothing,3,128.33,78.87698764157909,76,Online
2024-03-29 18:48:38.918918919,6699,193,Product_193,Clothing,5,29.77,19.839309735114703,148,Cash
2024-03-30 03:34:46.486486486,7944,138,Product_138,Toys,7,211.48,110.60983847846909,213,Cash
2024-03-30 12:20:54.054054054,5493,198,Product_198,Toys,2,73.74,36.96263462793768,109,Online
2024-03-30 21:07:01.621621621,5911,117,Product_117,Electronics,6,20.99,14.716724999919188,129,Card
2024-03-31 05:53:09.189189189,4987,158,Product_158,Toys,6,186.61,129.23598200909478,10,Card
2024-03-31 14:39:16.756756756,7015,116,Product_116,Electronics,3,394.03,245.57393444124412,47,Card
2024-03-31 23:25:24.324324324,2218,113,Product_113,Books,6,287.43,185.93651903216616,96,Cash
2024-04-01 08:11:31.891891892,5496,130,Product_130,Clothing,5,163.26,101.97756728299937,103,Card
2024-04-01 16:57:39.459459459,5735,123,Product_123,Books,2,330.63,167.69603639311967,146,Card
2024-04-02 01:43:47.027027027,5555,198,Product_198,Toys,9,123.69,74.28963419191138,27,Online
2024-04-02 10:29:54.594594594,9050,159,Product_159,Books,8,17.05,9.430775736357138,220,Card
2024-04-02 19:16:02.162162162,4446,144,Product_144,Books,3,384.53,203.6191160305448,18,Online
2024-04-03 04:02:09.729729729,2045,197,Product_197,Books,8,315.63,248.40590116454868,167,Card
2024-04-03 12:48:17.297297297,7893,102,Product_102,Toys,9,383.53,260.7267306036265,82,Cash
2024-04-03 21:34:24.864864865,2693,136,Product_136,Books,3,29.08,20.896797423680123,72,Card
2024-04-04 06:20:32.432432432,4436,142,Product_142,Electronics,3,420.19,249.848807384897,254,Card
2024-04-04 15:06:40.000000000,9754,139,Product_139,Toys,2,313.57,193.7687436186315,162,Online
2024-04-04 23:52:47.567567567,6895,189,Product_189,Books,8,286.06,163.36234330822901,38,Online
2024-04-05 08:38:55.135135135,4354,154,Product_154,Toys,1,316.06,167.22409098959963,201,Online
2024-04-05 17:25:02.702702702,1225,186,Product_186,Home,8,433.57,240.07182411366423,200,Card
2024-04-06 02:11:10.270270270,5893,138,Product_138,Electronics,7,297.6,220.00205396407026,255,Card
2024-04-06 10:57:17.837837838,8022,114,Product_114,Books,7,294.67,207.230726724051,179,Cash
2024-04-06 19:43:25.405405405,6600,103,Product_103,Home,3,495.43,329.00449190884547,35,Card
2024-04-07 04:29:32.972972973,8996,192,Product_192,Home,1,380.8,244.6742670762996,82,Cash
2024-04-07 13:15:40.540540540,8683,185,Product_185,Toys,4,226.72,176.10029023715498,220,Online
2024-04-07 22:01:48.108108108,5642,124,Product_124,Home,9,356.62,186.0916211230486,158,Online
2024-04-08 06:47:55.675675675,8679,112,Product_112,Electronics,5,200.72,117.25665856993434,4,Online
2024-04-08 15:34:03.243243243,9208,181,Product_181,Electronics,1,122.15,73.89847264409883,167,Cash
2024-04-09 00:20:10.810810810,8339,132,Product_132,Clothing,5,302.46,222.22575334856396,204,Card
2024-04-09 09:06:18.378378378,3205,115,Product_115,Electronics,8,464.81,370.80421617924577,194,Online
2024-04-09 17:52:25.945945946,2069,141,Product_141,Home,8,465.28,266.23375313186244,235,Card
2024-04-10 02:38:33.513513513,4444,165,Product_165,Electronics,5,177.53,135.3297343088068,206,Card
2024-04-10 11:24:41.081081081,2060,154,Product_154,Toys,9,268.56,201.20161456246856,150,Online
2024-04-10 20:10:48.648648648,3327,198,Product_198,Clothing,1,113.7,64.51306383356065,159,Cash
2024-04-11 04:56:56.216216216,4420,141,Product_141,Home,4,497.86,308.57351551339553,279,Card
2024-04-11 13:43:03.783783783,1301,133,Product_133,Clothing,3,490.75,305.68908818159116,166,Online
2024-04-11 22:29:11.351351351,1606,129,Product_129,Home,2,328.26,260.4632149951584,68,Card
2024-04-12 07:15:18.918918919,4170,112,Product_112,Toys,8,404.16,224.01278125838866,88,Card
2024-04-12 16:01:26.486486486,1699,112,Product_112,Clothing,7,360.4,266.604959835849,217,Card
2024-04-13 00:47:34.054054054,6088,117,Product_117,Books,9,300.65,180.46751185484365,1,Card
2024-04-13 09:33:41.621621621,1190,131,Product_131,Home,2,36.14,25.994096288905133,135,Card
2024-04-13 18:19:49.189189189,1980,195,Product_195,Books,4,232.83,145.75234863904777,185,Cash
2024-04-14 03:05:56.756756756,3975,198,Product_198,Clothing,6,340.65,229.4304759916948,140,Cash
2024-04-14 11:52:04.324324324,7102,138,Product_138,Books,3,341.99,256.4184701079411,106,Online
2024-04-14 20:38:11.891891892,2184,145,Product_145,Books,8,192.83,142.93517376875272,133,Cash
2024-04-15 05:24:19.459459460,4327,128,Product_128,Clothing,3,471.43,358.2523644248363,108,Cash
2024-04-15 14:10:27.027027026,4394,161,Product_161,Toys,2,92.0,47.64543817951259,178,Cash
2024-04-15 22:56:34.594594594,9319,192,Product_192,Books,3,255.18,180.56923803740463,298,Card
2024-04-16 07:42:42.162162162,2816,161,Product_161,Books,6,348.53,188.9019401226508,146,Card
2024-04-16 16:28:49.729729730,6854,156,Product_156,Toys,2,351.6,219.66054255458204,74,Online
2024-04-17 01:14:57.297297296,7709,115,Product_115,Books,8,327.83,217.86812203221356,108,Online
2024-04-17 10:01:04.864864864,1569,155,Product_155,Books,1,144.89,89.95087718349049,122,Online
2024-04-17 18:47:12.432432432,6442,109,Product_109,Books,7,86.54,56.760158327197686,17,Card
2024-04-18 03:33:20.000000000,2895,129,Product_129,Electronics,2,321.61,256.9528478518172,196,Cash
2024-04-18 12:19:27.567567568,3733,124,Product_124,Toys,6,303.66,164.14802684461364,297,Cash
2024-04-18 21:05:35.135135134,4863,183,Product_183,Books,2,97.88,68.7740913152588,252,Card
2024-04-19 05:51:42.702702702,8455,104,Product_104,Toys,2,355.52,219.99587907082417,119,Online
2024-04-19 14:37:50.270270270,5014,164,Product_164,Home,8,233.03,125.81358203181244,162,Online
2024-04-19 23:23:57.837837838,2686,193,Product_193,Home,2,337.2,184.65781098294514,198,Online
2024-04-20 08:10:05.405405406,4009,148,Product_148,Books,7,420.31,329.85169378582856,45,Card
2024-04-20 16:56:12.972972972,8806,102,Product_102,Toys,3,93.17,71.17074143459047,179,Online
2024-04-21 01:42:20.540540540,1154,144,Product_144,Toys,8,19.38,14.963541957852936,44,Online
2024-04-21 10:28:28.108108108,2409,113,Product_113,Toys,7,391.76,312.4128640774411,271,Card
2024-04-21 19:14:35.675675676,1784,129,Product_129,Electronics,8,308.75,173.670212999539,78,Cash
2024-04-22 04:00:43.243243242,9096,167,Product_167,Home,7,352.82,214.03183210263649,178,Card
2024-04-22 12:46:50.810810810,8560,117,Product_117,Toys,6,420.7,294.81213376681745,3,Card
2024-04-22 21:32:58.378378378,8343,161,Product_161,Toys,7,403.38,260.2368805586963,214,Card
2024-04-23 06:19:05.945945946,8206,136,Product_136,Electronics,5,480.85,300.7797821374915,74,Card
2024-04-23 15:05:13.513513514,6596,124,Product_124,Electronics,7,272.61,165.5678774044128,51,Cash
2024-04-23 23:51:21.081081080,6801,147,Product_147,Toys,1,249.36,169.0995415144258,67,Online
2024-04-24 08:37:28.648648648,3806,164,Product_164,Clothing,1,206.92,139.19053767626173,93,Card
2024-04-24 17:23:36.216216216,1537,152,Product_152,Toys,9,85.31,46.78719034720609,176,Cash
2024-04-25 02:09:43.783783784,6986,178,Product_178,Toys,5,290.58,186.4134485958324,145,Online
2024-04-25 10:55:51.351351350,2841,172,Product_172,Electronics,5,145.74,97.06889299944706,7,Online
2024-04-25 19:41:58.918918918,9716,114,Product_114,Electronics,3,461.44,309.66596150246386,269,Online
2024-04-26 04:28:06.486486486,7971,148,Product_148,Toys,5,295.76,166.52239101272716,4,Card
2024-04-26 13:14:14.054054054,6625,187,Product_187,Toys,3,300.49,217.1585391973669,138,Card
2024-04-26 22:00:21.621621622,3950,167,Product_167,Toys,9,183.91,93.34530965856288,231,Online
2024-04-27 06:46:29.189189188,8992,111,Product_111,Electronics,9,35.47,21.510765774834795,88,Online
2024-04-27 15:32:36.756756756,5780,158,Product_158,Toys,6,25.55,18.75532995102563,17,Online
2024-04-28 00:18:44.324324324,3368,136,Product_136,Toys,1,217.43,145.49717134752282,52,Online
2024-04-28 09:04:51.891891892,7655,160,Product_160,Books,7,51.44,29.750258658507597,134,Online
2024-04-28 17:50:59.459459460,9173,142,Product_142,Clothing,7,307.36,217.76023722838374,211,Online
2024-04-29 02:37:07.027027026,5495,169,Product_169,Home,4,441.68,296.02156966445636,219,Cash
2024-04-29 11:23:14.594594594,7002,138,Product_138,Clothing,8,442.63,327.0473926561042,205,Online
2024-04-29 20:09:22.162162162,7614,155,Product_155,Books,6,332.93,239.87858057145337,211,Card
2024-04-30 04:55:29.729729730,6919,162,Product_162,Home,4,113.5,77.5241747453338,277,Card
2024-04-30 13:41:37.297297296,1853,145,Product_145,Toys,4,432.87,279.8302410935376,24,Card
2024-04-30 22:27:44.864864864,5146,187,Product_187,Books,2,444.19,239.84245052007714,4,Online
2024-05-01 07:13:52.432432432,4769,110,Product_110,Toys,2,106.36,61.518613934686826,152,Card
2024-05-01 16:00:00.000000000,1574,161,Product_161,Electronics,4,371.34,232.35851948190913,259,Cash
2024-05-02 00:46:07.567567568,2148,176,Product_176,Books,5,150.39,102.23358593186724,168,Online
2024-05-02 09:32:15.135135134,7293,197,Product_197,Electronics,8,403.29,263.7969722789341,176,Card
2024-05-02 18:18:22.702702702,7457,124,Product_124,Books,6,498.65,292.4359641609158,291,Cash
2024-05-03 03:04:30.270270270,8509,170,Product_170,Books,4,24.71,12.402920284295124,56,Cash
2024-05-03 11:50:37.837837838,5777,151,Product_151,Electronics,7,449.71,291.8041221443045,108,Card
2024-05-03 20:36:45.405405406,4854,103,Product_103,Home,8,315.09,184.54436782082317,296,Cash
2024-05-04 05:22:52.972972972,3491,158,Product_158,Clothing,2,486.96,350.7974574342007,141,Card
2024-05-04 14:09:00.540540540,4124,171,Product_171,Toys,7,237.85,120.63368575837535,155,Cash
2024-05-04 22:55:08.108108108,6691,119,Product_119,Books,2,425.22,287.2141445770346,262,Online
2024-05-05 07:41:15.675675676,4051,192,Product_192,Toys,2,40.57,31.743682944686324,273,Online
2024-05-05 16:27:23.243243242,1004,162,Product_162,Electronics,8,174.29,96.26433734945897,232,Online
2024-05-06 01:13:30.810810810,6222,153,Product_153,Toys,2,42.84,27.48163925512666,241,Online
2024-05-06 09:59:38.378378378,6315,173,Product_173,Electronics,9,487.92,257.3419854742254,258,Online
2024-05-06 18:45:45.945945946,5869,197,Product_197,Toys,1,410.32,282.17894067172347,249,Card
2024-05-07 03:31:53.513513514,1876,156,Product_156,Clothing,9,427.75,284.52197791251064,77,Online
2024-05-07 12:18:01.081081080,8027,189,Product_189,Clothing,1,469.6,292.18965505110384,180,Online
2024-05-07 21:04:08.648648648,5142,140,Product_140,Clothing,2,51.7,33.93655760305773,66,Online
2024-05-08 05:50:16.216216216,7966,102,Product_102,Clothing,6,198.94,152.97936876674748,171,Online
2024-05-08 14:36:23.783783784,8079,105,Product_105,Clothing,6,44.81,25.043784305967677,22,Cash
2024-05-08 23:22:31.351351350,8987,104,Product_104,Clothing,1,113.29,57.41190005932963,107,Online
2024-05-09 08:08:38.918918918,7799,104,Product_104,Electronics,7,122.39,92.83274957149689,227,Online
2024-05-09 16:54:46.486486486,5465,153,Product_153,Books,8,239.86,161.45819101446898,216,Card
2024-05-10 01:40:54.054054054,1635,146,Product_146,Toys,2,141.6,108.63517118801907,69,Cash
2024-05-10 10:27:01.621621622,2693,186,Product_186,Clothing,8,59.48,40.39189056658465,84,Card
2024-05-10 19:13:09.189189188,5752,148,Product_148,Electronics,9,92.07,68.41245946577695,103,Online
2024-05-11 03:59:16.756756756,9311,108,Product_108,Electronics,6,82.17,51.67687808006775,39,Card
2024-05-11 12:45:24.324324324,1830,198,Product_198,Electronics,5,486.81,352.91679394513267,13,Card
2024-05-11 21:31:31.891891892,6177,119,Product_119,Books,9,382.05,295.6732477275809,297,Online
2024-05-12 06:17:39.459459460,9932,160,Product_160,Toys,9,484.2,325.2065817102877,181,Cash
2024-05-12 15:03:47.027027026,9308,134,Product_134,Books,1,225.47,124.96348836918992,268,Cash
2024-05-12 23:49:54.594594594,6949,149,Product_149,Home,3,146.4,85.00559125212631,13,Card
2024-05-13 08:36:02.162162162,3838,181,Product_181,Electronics,9,401.16,224.48647754044902,120,Online
2024-05-13 17:22:09.729729730,2150,161,Product_161,Home,2,169.86,97.50934041222337,57,Card
2024-05-14 02:08:17.297297296,8560,116,Product_116,Clothing,4,156.7,92.7545902739922,40,Card
2024-05-14 10:54:24.864864864,2931,187,Product_187,Clothing,4,123.93,82.60431905769681,128,Card
2024-05-14 19:40:32.432432432,2664,102,Product_102,Books,2,73.54,49.74227132923109,173,Online
2024-05-15 04:26:40.000000000,2081,131,Product_131,Toys,3,135.67,85.19396621249098,35,Online
2024-05-15 13:12:47.567567568,1512,198,Product_198,Home,3,184.11,126.04653593184422,259,Cash
2024-05-15 21:58:55.135135134,8805,112,Product_112,Toys,1,340.26,178.457005256557,5,Online
2024-05-16 06:45:02.702702702,6237,188,Product_188,Books,6,40.66,21.40084091563543,218,Card
2024-05-16 15:31:10.270270270,1559,172,Product_172,Clothing,8,113.15,62.40775103184071,11,Card
2024-05-17 00:17:17.837837838,4672,167,Product_167,Toys,3,406.42,266.37711702606714,117,Cash
2024-05-17 09:03:25.405405404,8404,113,Product_113,Toys,5,81.99,46.25862711194241,184,Online
2024-05-17 17:49:32.972972972,4343,197,Product_197,Clothing,1,177.9,104.06888861439886,116,Card
2024-05-18 02:35:40.540540540,5070,110,Product_110,Home,7,433.68,268.9223012374512,162,Cash
2024-05-18 11:21:48.108108108,1580,155,Product_155,Clothing,1,85.91,63.87922561411953,67,Cash
2024-05-18 20:07:55.675675676,8004,166,Product_166,Toys,9,50.54,25.480177704710787,200,Card
2024-05-19 04:54:03.243243242,9130,191,Product_191,Home,8,247.42,171.91079231088352,31,Card
2024-05-19 13:40:10.810810810,4147,128,Product_128,Home,7,158.19,110.8378735335978,75,Online
2024-05-19 22:26:18.378378378,5249,108,Product_108,Clothing,7,286.07,211.57643772598692,237,Cash
2024-05-20 07:12:25.945945946,2679,166,Product_166,Toys,5,403.86,314.9404805906695,66,Card
2024-05-20 15:58:33.513513514,4506,124,Product_124,Books,5,77.2,39.06639258166555,70,Cash
2024-05-21 00:44:41.081081080,8253,197,Product_197,Toys,5,294.54,160.85863578655884,297,Online
2024-05-21 09:30:48.648648648,3744,175,Product_175,Electronics,1,257.7,197.3599027434688,20,Card
2024-05-21 18:16:56.216216216,6188,141,Product_141,Books,8,80.6,51.38697883368203,226,Online
2024-05-22 03:03:03.783783784,3141,108,Product_108,Home,1,315.76,211.36254204488912,199,Cash
2024-05-22 11:49:11.351351350,7617,178,Product_178,Books,4,144.08,100.69868785372933,39,Online
2024-05-22 20:35:18.918918918,3479,139,Product_139,Home,9,249.04,175.25442415507806,145,Online
2024-05-23 05:21:26.486486486,7484,124,Product_124,Home,9,50.31,39.217757907256065,45,Cash
2024-05-23 14:07:34.054054054,8421,104,Product_104,Books,5,235.2,187.9447508925674,91,Online
2024-05-23 22:53:41.621621622,5452,110,Product_110,Home,4,160.17,114.6892861551926,238,Cash
2024-05-24 07:39:49.189189188,6881,158,Product_158,Home,3,412.97,242.06912282963535,70,Card
2024-05-24 16:25:56.756756756,7665,197,Product_197,Electronics,3,37.92,28.968063328500456,166,Cash
2024-05-25 01:12:04.324324324,3849,187,Product_187,Toys,5,215.12,110.73652094080258,130,Cash
2024-05-25 09:58:11.891891892,8390,178,Product_178,Toys,1,234.63,133.58055015298294,214,Card
2024-05-25 18:44:19.459459458,7905,137,Product_137,Electronics,5,365.25,280.9560399910866,89,Cash
2024-05-26 03:30:27.027027026,3489,171,Product_171,Books,6,291.4,168.09626219228838,252,Card
2024-05-26 12:16:34.594594594,5611,104,Product_104,Clothing,7,336.93,190.76818845550673,72,Card
2024-05-26 21:02:42.162162162,3839,147,Product_147,Clothing,9,390.75,211.5667374883655,165,Cash
2024-05-27 05:48:49.729729730,9527,189,Product_189,Clothing,3,432.48,327.7045958841416,49,Online
2024-05-27 14:34:57.297297296,6878,117,Product_117,Electronics,2,163.8,106.47286285665001,52,Online
2024-05-27 23:21:04.864864864,7303,169,Product_169,Electronics,3,273.63,192.21630814551253,289,Card
2024-05-28 08:07:12.432432432,1851,136,Product_136,Home,9,421.65,241.06570225357086,278,Online
2024-05-28 16:53:20.000000000,2687,159,Product_159,Clothing,7,494.83,359.94534245869414,114,Online
2024-05-29 01:39:27.567567568,7833,147,Product_147,Books,9,445.86,324.5868216830404,239,Cash
2024-05-29 10:25:35.135135134,3427,176,Product_176,Books,2,192.02,114.01752182286754,133,Card
2024-05-29 19:11:42.702702702,5000,127,Product_127,Clothing,5,105.63,65.82912195746286,274,Card
2024-05-30 03:57:50.270270270,6052,168,Product_168,Clothing,4,249.8,140.61418939061926,166,Cash
2024-05-30 12:43:57.837837838,3738,176,Product_176,Clothing,2,373.4,296.09436583263175,293,Online
2024-05-30 21:30:05.405405404,6732,180,Product_180,Electronics,9,251.36,174.36359913082072,243,Card
2024-05-31 06:16:12.972972972,6387,139,Product_139,Electronics,9,246.76,192.56241440160818,138,Online
2024-05-31 15:02:20.540540540,9002,144,Product_144,Electronics,6,420.73,248.65801993132558,79,Card
2024-05-31 23:48:28.108108108,6536,195,Product_195,Toys,6,187.09,137.43019127377644,170,Card
2024-06-01 08:34:35.675675676,4913,161,Product_161,Books,8,431.3,314.7444499322468,123,Card
2024-06-01 17:20:43.243243242,2066,192,Product_192,Books,6,209.33,148.10028328156696,176,Card
2024-06-02 02:06:50.810810810,8723,157,Product_157,Home,1,170.83,134.90303184344828,82,Online
2024-06-02 10:52:58.378378378,5380,166,Product_166,Electronics,4,232.46,143.67576202938224,87,Online
2024-06-02 19:39:05.945945946,5107,155,Product_155,Toys,7,383.6,206.84294959870928,225,Online
2024-06-03 04:25:13.513513514,6726,139,Product_139,Toys,2,71.74,50.32651806865067,16,Online
2024-06-03 13:11:21.081081080,4373,197,Product_197,Books,9,106.25,76.37174989021095,163,Cash
2024-06-03 21:57:28.648648648,9945,139,Product_139,Electronics,8,476.21,320.2598787060466,98,Card
2024-06-04 06:43:36.216216216,3082,190,Product_190,Home,8,95.99,53.950734868562414,156,Card
2024-06-04 15:29:43.783783784,9967,176,Product_176,Electronics,7,288.19,187.70874734890745,2,Card
2024-06-05 00:15:51.351351350,7748,132,Product_132,Clothing,4,293.86,174.45202279646134,169,Cash
2024-06-05 09:01:58.918918918,1417,105,Product_105,Electronics,2,249.92,157.00973041582566,92,Online
2024-06-05 17:48:06.486486486,9306,187,Product_187,Clothing,3,325.93,226.05382712751538,181,Card
2024-06-06 02:34:14.054054054,9808,118,Product_118,Clothing,6,122.62,88.72346952462505,231,Online
2024-06-06 11:20:21.621621622,4974,179,Product_179,Home,5,280.8,159.96260796152916,148,Online
2024-06-06 20:06:29.189189188,4267,139,Product_139,Books,8,192.36,119.5705159122144,280,Cash
2024-06-07 04:52:36.756756756,1825,191,Product_191,Electronics,6,334.22,194.09775407704672,189,Cash
2024-06-07 13:38:44.324324324,8668,196,Product_196,Clothing,6,79.2,44.31948714535801,128,Online
2024-06-07 22:24:51.891891892,6745,158,Product_158,Electronics,1,289.73,212.9562337748183,7,Card
2024-06-08 07:10:59.459459458,1412,158,Product_158,Books,4,100.78,77.88034596360804,47,Card
2024-06-08 15:57:07.027027026,8543,147,Product_147,Books,5,146.54,89.54614734706536,53,Cash
2024-06-09 00:43:14.594594594,8587,140,Product_140,Toys,3,117.17,84.99320547066228,187,Cash
2024-06-09 09:29:22.162162162,1728,112,Product_112,Books,9,99.59,76.59452826034052,38,Cash
2024-06-09 18:15:29.729729730,8164,144,Product_144,Home,1,414.6,312.54092930575024,226,Cash
2024-06-10 03:01:37.297297296,9867,188,Product_188,Clothing,6,150.0,83.22660248426516,53,Cash
2024-06-10 11:47:44.864864864,6988,152,Product_152,Toys,6,464.29,365.34402730035157,224,Cash
2024-06-10 20:33:52.432432432,3504,141,Product_141,Home,5,485.26,297.46580284484025,154,Cash
2024-06-11 05:20:00.000000000,3967,199,Product_199,Electronics,5,289.92,174.4657957462556,48,Card
2024-06-11 14:06:07.567567568,3786,162,Product_162,Clothing,5,80.07,41.53466291253956,147,Cash
2024-06-11 22:52:15.135135134,2122,126,Product_126,Books,6,193.53,124.9917561836754,64,Cash
2024-06-12 07:38:22.702702702,5079,137,Product_137,Clothing,8,400.89,213.55574051228757,182,Card
2024-06-12 16:24:30.270270270,2571,159,Product_159,Electronics,2,190.02,109.17826103178885,125,Card
2024-06-13 01:10:37.837837838,6073,106,Product_106,Toys,6,52.64,31.325157882948908,179,Online
2024-06-13 09:56:45.405405404,6104,104,Product_104,Toys,1,282.82,210.03567824297542,39,Cash
2024-06-13 18:42:52.972972972,3143,144,Product_144,Toys,4,424.11,323.44604745582114,260,Cash
2024-06-14 03:29:00.540540540,7806,157,Product_157,Books,3,400.0,236.2959580953764,3,Cash
2024-06-14 12:15:08.108108108,8357,130,Product_130,Home,9,95.81,72.5865600989328,64,Cash
2024-06-14 21:01:15.675675676,4440,122,Product_122,Home,3,339.65,257.1725463632949,29,Online
2024-06-15 05:47:23.243243242,4766,141,Product_141,Clothing,6,118.05,86.10511340788031,11,Card
2024-06-15 14:33:30.810810810,6644,109,Product_109,Books,1,116.92,63.6054778191965,97,Card
2024-06-15 23:19:38.378378378,3914,131,Product_131,Toys,6,438.3,309.92055113897686,203,Cash
2024-06-16 08:05:45.945945946,5968,152,Product_152,Toys,4,132.34,103.68934541197775,21,Cash
2024-06-16 16:51:53.513513512,6917,129,Product_129,Electronics,8,138.99,97.95489034315415,39,Cash
2024-06-17 01:38:01.081081080,9787,138,Product_138,Electronics,9,10.32,6.186685764837855,223,Online
2024-06-17 10:24:08.648648648,1728,130,Product_130,Toys,4,436.63,283.88538421094717,102,Online
2024-06-17 19:10:16.216216216,2365,181,Product_181,Toys,6,398.37,276.3562456559278,46,Card
2024-06-18 03:56:23.783783784,5492,199,Product_199,Books,1,317.39,207.3099826079019,66,Cash
2024-06-18 12:42:31.351351350,1698,101,Product_101,Home,4,377.63,202.40434881575982,91,Cash
2024-06-18 21:28:38.918918918,8186,177,Product_177,Electronics,7,84.5,50.16082353192872,164,Cash
2024-06-19 06:14:46.486486486,1395,176,Product_176,Home,1,234.58,173.75781825418136,111,Cash
2024-06-19 15:00:54.054054054,8400,192,Product_192,Books,8,182.1,138.1092678581981,123,Online
2024-06-19 23:47:01.621621622,9082,111,Product_111,Toys,6,55.95,30.279581049130844,193,Card
2024-06-20 08:33:09.189189188,5171,138,Product_138,Home,5,248.2,195.01471758360904,99,Card
2024-06-20 17:19:16.756756756,5360,165,Product_165,Toys,9,461.16,276.0719515341194,291,Online
2024-06-21 02:05:24.324324324,3502,195,Product_195,Toys,2,29.63,20.702306823577366,159,Cash
2024-06-21 10:51:31.891891892,1717,112,Product_112,Clothing,5,152.82,110.87817564153,103,Card
2024-06-21 19:37:39.459459458,3782,145,Product_145,Home,6,111.7,83.05831832271548,281,Card
2024-06-22 04:23:47.027027026,5946,126,Product_126,Home,7,126.69,99.29010893250093,43,Online
2024-06-22 13:09:54.594594594,6486,116,Product_116,Toys,5,455.13,270.2907221683074,84,Cash
2024-06-22 21:56:02.162162162,9335,194,Product_194,Books,9,239.35,181.32005596907436,191,Card
2024-06-23 06:42:09.729729730,5980,197,Product_197,Clothing,1,238.49,128.6668028801503,51,Cash
2024-06-23 15:28:17.297297296,8266,159,Product_159,Toys,7,382.68,272.2815162130179,210,Card
2024-06-24 00:14:24.864864864,5491,163,Product_163,Electronics,7,85.7,61.926247425804576,126,Online
2024-06-24 09:00:32.432432432,8192,187,Product_187,Electronics,4,248.76,174.95713004437215,69,Cash
2024-06-24 17:46:40.000000000,6588,134,Product_134,Clothing,9,220.69,127.05000173530007,265,Online
2024-06-25 02:32:47.567567568,8651,169,Product_169,Books,5,302.49,230.4710464621887,258,Card
2024-06-25 11:18:55.135135134,4636,182,Product_182,Toys,4,499.78,275.2076248469768,188,Online
2024-06-25 20:05:02.702702702,2167,129,Product_129,Home,7,387.03,199.74248200869215,230,Online
2024-06-26 04:51:10.270270270,2062,170,Product_170,Clothing,4,204.95,146.58833494777343,189,Online
2024-06-26 13:37:17.837837838,3156,173,Product_173,Books,3,415.5,267.01804790376025,10,Card
2024-06-26 22:23:25.405405404,8860,195,Product_195,Home,9,93.65,70.68040887073902,114,Cash
2024-06-27 07:09:32.972972972,6161,197,Product_197,Electronics,8,24.93,15.332427217974718,76,Online
2024-06-27 15:55:40.540540540,6305,162,Product_162,Electronics,1,110.18,60.652280464533945,164,Cash
2024-06-28 00:41:48.108108108,7541,127,Product_127,Home,7,176.8,132.7648938886019,85,Card
2024-06-28 09:27:55.675675676,5729,159,Product_159,Clothing,9,260.18,172.93459238803416,49,Cash
2024-06-28 18:14:03.243243242,8330,178,Product_178,Electronics,8,311.41,173.38023851248414,177,Online
2024-06-29 03:00:10.810810810,6334,193,Product_193,Toys,8,456.2,326.69175404654095,218,Online
2024-06-29 11:46:18.378378378,9924,136,Product_136,Home,6,259.83,169.75579700661808,189,Online
2024-06-29 20:32:25.945945946,5330,192,Product_192,Home,4,255.63,174.1591582950279,230,Online
2024-06-30 05:18:33.513513512,9010,121,Product_121,Electronics,8,34.62,22.09689014061356,255,Online
2024-06-30 14:04:41.081081080,7801,167,Product_167,Clothing,3,27.11,20.29489016539185,236,Online
2024-06-30 22:50:48.648648648,5846,119,Product_119,Toys,9,280.07,209.73568893440552,26,Card
2024-07-01 07:36:56.216216216,7731,195,Product_195,Clothing,2,224.71,160.17702864564737,72,Card
2024-07-01 16:23:03.783783784,8241,199,Product_199,Books,2,421.2,223.91851804781697,261,Card
2024-07-02 01:09:11.351351350,1953,167,Product_167,Books,7,88.73,66.69445095002442,254,Cash
2024-07-02 09:55:18.918918918,3539,190,Product_190,Electronics,4,22.24,15.596998606115573,271,Cash
2024-07-02 18:41:26.486486486,8056,163,Product_163,Electronics,8,230.03,163.11594067179072,123,Card
2024-07-03 03:27:34.054054054,2542,116,Product_116,Electronics,9,126.36,76.93995351402997,144,Cash
2024-07-03 12:13:41.621621622,6293,111,Product_111,Books,7,34.31,26.205424471524072,257,Cash
2024-07-03 20:59:49.189189188,2191,121,Product_121,Clothing,5,365.05,261.96407079972045,144,Online
2024-07-04 05:45:56.756756756,7313,116,Product_116,Clothing,8,64.68,34.52470541253249,259,Online
2024-07-04 14:32:04.324324324,7938,109,Product_109,Electronics,4,308.08,191.7284770519552,47,Cash
2024-07-04 23:18:11.891891892,3681,164,Product_164,Toys,2,147.71,113.13317297953976,13,Cash
2024-07-05 08:04:19.459459458,2540,121,Product_121,Clothing,6,95.01,48.8502475884804,208,Card
2024-07-05 16:50:27.027027026,7172,189,Product_189,Books,9,196.08,154.59437123382395,235,Cash
2024-07-06 01:36:34.594594594,6541,181,Product_181,Home,1,402.71,283.40666736639133,149,Online
2024-07-06 10:22:42.162162162,2365,149,Product_149,Home,7,202.13,139.35100790831672,155,Cash
2024-07-06 19:08:49.729729730,9691,113,Product_113,Home,9,377.88,219.61167955250465,166,Card
2024-07-07 03:54:57.297297296,9702,163,Product_163,Toys,9,71.49,41.08083749308913,90,Online
2024-07-07 12:41:04.864864864,8494,146,Product_146,Electronics,3,388.66,304.1721042759313,186,Online
2024-07-07 21:27:12.432432432,5312,128,Product_128,Books,5,126.1,74.33364694367685,174,Online
2024-07-08 06:13:20.000000000,2324,175,Product_175,Toys,8,341.92,250.5082313162481,217,Online
2024-07-08 14:59:27.567567566,4141,135,Product_135,Books,8,287.23,177.48991222970582,264,Cash
2024-07-08 23:45:35.135135134,8419,198,Product_198,Books,4,465.28,252.07764021641214,97,Card
2024-07-09 08:31:42.702702702,4486,151,Product_151,Electronics,1,199.79,100.53724279796674,117,Cash
2024-07-09 17:17:50.270270270,2810,175,Product_175,Home,1,42.42,28.136218870856087,199,Cash
2024-07-10 02:03:57.837837838,7588,106,Product_106,Electronics,4,19.39,15.371105387499142,21,Online
2024-07-10 10:50:05.405405404,3923,128,Product_128,Toys,6,415.16,253.55517466654882,200,Card
2024-07-10 19:36:12.972972972,6301,110,Product_110,Toys,8,267.12,162.18396487686664,248,Online
2024-07-11 04:22:20.540540540,5186,132,Product_132,Toys,6,389.87,235.18029971528858,276,Cash
2024-07-11 13:08:28.108108108,9905,105,Product_105,Electronics,9,124.87,81.9350926892773,264,Cash
2024-07-11 21:54:35.675675676,6977,178,Product_178,Books,9,179.09,113.22060219173703,58,Online
2024-07-12 06:40:43.243243242,5268,131,Product_131,Books,2,24.75,18.908366103448085,31,Cash
2024-07-12 15:26:50.810810810,5748,150,Product_150,Clothing,1,481.13,313.5313655565769,249,Cash
2024-07-13 00:12:58.378378378,5849,174,Product_174,Toys,2,337.26,220.003922552243,93,Online
2024-07-13 08:59:05.945945946,4709,157,Product_157,Books,5,467.27,253.03206851952234,265,Cash
2024-07-13 17:45:13.513513512,7619,186,Product_186,Clothing,4,140.09,111.3465946858408,271,Card
2024-07-14 02:31:21.081081080,9647,125,Product_125,Books,4,309.62,178.0289819412421,94,Online
2024-07-14 11:17:28.648648648,4072,197,Product_197,Toys,9,342.46,178.76727756266465,154,Card
2024-07-14 20:03:36.216216216,7530,145,Product_145,Home,8,165.6,115.74510564908837,285,Cash
2024-07-15 04:49:43.783783784,1504,197,Product_197,Toys,6,425.57,288.7960198442981,80,Cash
2024-07-15 13:35:51.351351350,2214,128,Product_128,Electronics,1,474.11,296.1024118043502,292,Online
2024-07-15 22:21:58.918918918,2531,103,Product_103,Books,2,443.58,277.97280933143736,84,Cash
2024-07-16 07:08:06.486486486,8576,180,Product_180,Books,6,372.14,273.71610627346564,37,Online
2024-07-16 15:54:14.054054054,1823,198,Product_198,Electronics,2,145.96,81.54986508468343,232,Online
2024-07-17 00:40:21.621621620,1928,112,Product_112,Electronics,5,147.99,110.41178660119628,93,Online
2024-07-17 09:26:29.189189188,6029,138,Product_138,Home,5,482.05,334.84356387592806,102,Online
2024-07-17 18:12:36.756756756,1133,114,Product_114,Books,6,15.04,9.410391619293213,166,Online
2024-07-18 02:58:44.324324324,3105,128,Product_128,Books,6,360.86,230.01526197413648,159,Card
2024-07-18 11:44:51.891891892,4627,128,Product_128,Home,6,356.06,205.4445413772044,14,Online
2024-07-18 20:30:59.459459458,7316,174,Product_174,Clothing,2,315.12,228.6618805558412,225,Card
2024-07-19 05:17:07.027027026,2852,131,Product_131,Home,3,495.15,323.759978595736,73,Cash
2024-07-19 14:03:14.594594594,5910,101,Product_101,Toys,6,162.82,97.08246099515885,249,Online
2024-07-19 22:49:22.162162162,5175,146,Product_146,Books,8,176.59,119.87194698266786,91,Cash
2024-07-20 07:35:29.729729730,6348,177,Product_177,Electronics,1,48.68,38.88170593775752,216,Online
2024-07-20 16:21:37.297297296,7190,183,Product_183,Toys,1,226.97,143.1224438840944,90,Card
2024-07-21 01:07:44.864864864,2256,121,Product_121,Books,2,137.91,107.04676532441383,29,Card
2024-07-21 09:53:52.432432432,4376,174,Product_174,Home,6,178.26,107.58081056548593,220,Card
2024-07-21 18:40:00.000000000,6645,126,Product_126,Toys,9,418.94,216.3489160717461,215,Cash
2024-07-22 03:26:07.567567566,4486,166,Product_166,Books,4,468.39,262.89448806057254,221,Online
2024-07-22 12:12:15.135135134,4584,180,Product_180,Clothing,3,101.01,63.19271892825882,42,Cash
2024-07-22 20:58:22.702702702,9053,155,Product_155,Clothing,8,192.53,108.95089384069371,135,Card
2024-07-23 05:44:30.270270270,4330,191,Product_191,Electronics,9,465.03,232.54667387479063,42,Cash
2024-07-23 14:30:37.837837838,3703,192,Product_192,Books,5,40.29,31.204623586754362,164,Card
2024-07-23 23:16:45.405405404,9662,120,Product_120,Clothing,9,55.26,41.619832879386344,283,Card
2024-07-24 08:02:52.972972972,9120,146,Product_146,Home,2,89.77,64.87567208617497,58,Card
2024-07-24 16:49:00.540540540,8114,179,Product_179,Books,3,301.65,166.01138183298735,25,Online
2024-07-25 01:35:08.108108108,2353,158,Product_158,Home,7,83.73,44.88841267081864,73,Online
2024-07-25 10:21:15.675675676,6063,183,Product_183,Home,7,484.36,252.00351093633304,129,Card
2024-07-25 19:07:23.243243242,9549,105,Product_105,Clothing,6,228.89,164.16191230547017,87,Cash
2024-07-26 03:53:30.810810810,8575,118,Product_118,Books,6,255.74,199.13000435989593,153,Cash
2024-07-26 12:39:38.378378378,1667,156,Product_156,Toys,2,130.86,82.33197525740401,182,Online
2024-07-26 21:25:45.945945946,5468,168,Product_168,Clothing,6,240.77,128.99064987894656,125,Card
2024-07-27 06:11:53.513513512,7819,102,Product_102,Clothing,4,334.34,218.56402470507174,67,Cash
2024-07-27 14:58:01.081081080,4719,100,Product_100,Books,3,378.08,228.60591027158767,6,Card
2024-07-27 23:44:08.648648648,3745,157,Product_157,Books,2,379.4,232.3625728895167,125,Cash
2024-07-28 08:30:16.216216216,8483,137,Product_137,Home,1,293.17,201.23164972511864,53,Online
2024-07-28 17:16:23.783783784,1539,114,Product_114,Books,5,453.14,324.27397775309026,66,Card
2024-07-29 02:02:31.351351352,5964,133,Product_133,Home,2,410.53,218.88682863361961,82,Card
2024-07-29 10:48:38.918918920,5835,160,Product_160,Clothing,2,380.95,194.54242952771813,87,Cash
2024-07-29 19:34:46.486486484,4775,134,Product_134,Electronics,7,37.25,29.736641132512865,2,Cash
2024-07-30 04:20:54.054054052,7042,163,Product_163,Toys,8,13.37,7.618473407500278,204,Cash
2024-07-30 13:07:01.621621620,8102,124,Product_124,Clothing,8,114.1,58.892618867616555,150,Card
2024-07-30 21:53:09.189189188,8312,123,Product_123,Books,4,335.13,186.65487571197468,293,Online
2024-07-31 06:39:16.756756756,6320,111,Product_111,Toys,1,211.49,108.216758477271,103,Online
2024-07-31 15:25:24.324324324,7132,117,Product_117,Electronics,7,207.18,127.94261434403569,24,Cash
2024-08-01 00:11:31.891891892,8891,114,Product_114,Electronics,1,443.45,328.47252139448193,212,Online
2024-08-01 08:57:39.459459460,3779,179,Product_179,Home,4,448.83,270.3632239154273,65,Cash
2024-08-01 17:43:47.027027028,1924,126,Product_126,Toys,8,455.5,288.4476625499288,209,Online
2024-08-02 02:29:54.594594592,2581,171,Product_171,Home,2,163.8,115.09833405310395,251,Card
2024-08-02 11:16:02.162162160,8714,159,Product_159,Clothing,6,348.62,227.5331952123285,117,Cash
2024-08-02 20:02:09.729729728,4324,145,Product_145,Toys,6,143.1,108.53186330089544,116,Online
2024-08-03 04:48:17.297297296,6713,188,Product_188,Clothing,9,103.4,78.56442663991939,237,Card
2024-08-03 13:34:24.864864864,8026,116,Product_116,Home,5,100.47,50.53371827279886,105,Online
2024-08-03 22:20:32.432432432,1255,192,Product_192,Toys,4,177.63,130.2763096261832,259,Card
2024-08-04 07:06:40.000000000,5804,152,Product_152,Home,5,220.68,140.84240727039978,46,Card
2024-08-04 15:52:47.567567568,2838,107,Product_107,Toys,5,417.17,332.33938258469476,216,Online
2024-08-05 00:38:55.135135136,1009,178,Product_178,Home,8,68.75,44.34166156493085,24,Online
2024-08-05 09:25:02.702702704,3871,126,Product_126,Electronics,8,370.11,294.63301750429883,35,Card
2024-08-05 18:11:10.270270268,9989,145,Product_145,Home,2,270.41,196.41793028909302,24,Card
2024-08-06 02:57:17.837837836,8409,149,Product_149,Electronics,7,151.09,86.81351360486734,28,Card
2024-08-06 11:43:25.405405404,8418,170,Product_170,Home,8,251.48,166.35867081732522,16,Cash
2024-08-06 20:29:32.972972972,6124,102,Product_102,Toys,6,156.97,125.20565939868595,59,Card
2024-08-07 05:15:40.540540540,2015,192,Product_192,Toys,5,302.08,228.75285379691036,243,Cash
2024-08-07 14:01:48.108108108,3193,163,Product_163,Toys,9,222.58,117.79157696601501,207,Card
2024-08-07 22:47:55.675675676,9415,143,Product_143,Books,3,90.56,64.47071440933398,271,Cash
2024-08-08 07:34:03.243243244,8449,152,Product_152,Clothing,4,67.13,40.5246272798523,249,Card
2024-08-08 16:20:10.810810812,5158,123,Product_123,Toys,9,277.88,139.52206927939332,267,Card
2024-08-09 01:06:18.378378376,4925,159,Product_159,Electronics,6,452.18,280.8238073723886,193,Card
2024-08-09 09:52:25.945945944,7970,102,Product_102,Toys,8,178.54,101.8439163364329,218,Online
2024-08-09 18:38:33.513513512,7938,119,Product_119,Books,7,369.17,275.2755905794128,115,Online
2024-08-10 03:24:41.081081080,5784,145,Product_145,Electronics,2,332.74,200.043016036202,68,Card
2024-08-10 12:10:48.648648648,5000,114,Product_114,Books,3,466.46,349.0320106845092,299,Cash
2024-08-10 20:56:56.216216216,2633,124,Product_124,Electronics,1,412.28,206.21395546684283,75,Cash
2024-08-11 05:43:03.783783784,8266,193,Product_193,Home,9,287.64,170.38233009405388,103,Card
2024-08-11 14:29:11.351351352,9702,177,Product_177,Clothing,7,331.94,189.98571437119557,297,Online
2024-08-11 23:15:18.918918920,1384,170,Product_170,Clothing,1,450.21,256.6513084880098,178,Cash
2024-08-12 08:01:26.486486484,1404,116,Product_116,Books,3,205.76,107.08902366488248,215,Online
2024-08-12 16:47:34.054054052,9175,183,Product_183,Clothing,4,170.13,94.6156356374816,39,Cash
2024-08-13 01:33:41.621621620,3000,199,Product_199,Books,4,15.3,10.199972525774996,259,Card
2024-08-13 10:19:49.189189188,6989,108,Product_108,Books,5,415.01,243.78032765151767,204,Online
2024-08-13 19:05:56.756756756,2460,137,Product_137,Books,3,402.48,251.63791559755066,7,Cash
2024-08-14 03:52:04.324324324,8190,147,Product_147,Clothing,3,61.18,37.5070147218923,49,Card
2024-08-14 12:38:11.891891892,8140,159,Product_159,Books,1,292.66,223.2327006051408,26,Card
2024-08-14 21:24:19.459459460,4636,162,Product_162,Clothing,7,237.35,183.13681522454374,161,Card
2024-08-15 06:10:27.027027028,5809,185,Product_185,Books,1,68.17,44.166463027334,176,Online
2024-08-15 14:56:34.594594592,5178,101,Product_101,Toys,2,490.48,293.8204671532393,79,Online
2024-08-15 23:42:42.162162160,8245,187,Product_187,Books,4,115.2,61.29103233032169,2,Card
2024-08-16 08:28:49.729729728,7600,171,Product_171,Electronics,4,42.94,33.751735892200145,132,Online
2024-08-16 17:14:57.297297296,6997,110,Product_110,Books,5,301.48,156.1871658045625,276,Cash
2024-08-17 02:01:04.864864864,3048,163,Product_163,Home,2,372.04,219.24134277995094,117,Card
2024-08-17 10:47:12.432432432,5780,176,Product_176,Books,4,25.9,15.265974383090931,164,Card
2024-08-17 19:33:20.000000000,1716,180,Product_180,Electronics,1,332.77,198.3709807966638,288,Online
2024-08-18 04:19:27.567567568,8939,171,Product_171,Electronics,2,270.82,148.7576488685102,28,Card
2024-08-18 13:05:35.135135136,6565,120,Product_120,Clothing,1,60.6,44.53787481419281,1,Cash
2024-08-18 21:51:42.702702700,5544,117,Product_117,Toys,4,94.54,50.74428436107939,188,Online
2024-08-19 06:37:50.270270268,5976,193,Product_193,Books,4,288.31,199.0699816701345,56,Online
2024-08-19 15:23:57.837837836,4419,163,Product_163,Clothing,7,155.22,83.3770140795831,35,Card
2024-08-20 00:10:05.405405404,8239,181,Product_181,Toys,9,469.77,244.82565794161297,112,Card
2024-08-20 08:56:12.972972972,1249,194,Product_194,Books,9,411.18,317.77176699766767,286,Card
2024-08-20 17:42:20.540540540,9865,137,Product_137,Home,5,491.95,274.0351539771462,36,Online
2024-08-21 02:28:28.108108108,1770,131,Product_131,Books,1,137.24,102.43251136353216,217,Card
2024-08-21 11:14:35.675675676,5363,110,Product_110,Electronics,1,485.16,321.84993402790144,80,Cash
2024-08-21 20:00:43.243243244,2077,144,Product_144,Electronics,6,221.3,115.81889433682622,83,Card
2024-08-22 04:46:50.810810812,9427,188,Product_188,Home,2,180.28,141.81445998573645,65,Card
2024-08-22 13:32:58.378378376,9580,132,Product_132,Clothing,8,34.67,19.903643097882675,128,Online
2024-08-22 22:19:05.945945944,8901,140,Product_140,Toys,9,35.85,27.170485689267284,22,Card
2024-08-23 07:05:13.513513512,5858,107,Product_107,Books,4,349.09,192.22396547580004,216,Online
2024-08-23 15:51:21.081081080,7544,110,Product_110,Electronics,5,234.39,177.24170164356866,107,Card
2024-08-24 00:37:28.648648648,5719,185,Product_185,Clothing,8,121.0,60.980205908462175,109,Cash
2024-08-24 09:23:36.216216216,3814,150,Product_150,Home,3,310.85,203.15108647738697,181,Cash
2024-08-24 18:09:43.783783784,4374,187,Product_187,Electronics,5,133.9,97.85850841536394,164,Online
2024-08-25 02:55:51.351351352,2252,140,Product_140,Home,3,293.04,228.6997435338256,68,Online
2024-08-25 11:41:58.918918920,7996,116,Product_116,Books,3,186.01,143.7412068067306,292,Card
2024-08-25 20:28:06.486486484,5673,175,Product_175,Toys,3,413.54,308.45430056581995,180,Card
2024-08-26 05:14:14.054054052,5530,145,Product_145,Electronics,7,412.14,315.88775485482296,181,Cash
2024-08-26 14:00:21.621621620,7881,131,Product_131,Electronics,7,243.9,136.52690441269888,169,Card
2024-08-26 22:46:29.189189188,7949,178,Product_178,Books,7,181.9,106.45793701698904,22,Cash
2024-08-27 07:32:36.756756756,7241,179,Product_179,Clothing,8,187.65,110.092483110431,66,Online
2024-08-27 16:18:44.324324324,9017,153,Product_153,Toys,5,404.8,248.18942938084632,21,Card
2024-08-28 01:04:51.891891892,7941,185,Product_185,Electronics,5,170.81,105.55993111254823,100,Online
2024-08-28 09:50:59.459459460,8002,191,Product_191,Toys,4,112.44,74.58894021125151,103,Card
2024-08-28 18:37:07.027027028,2331,119,Product_119,Electronics,7,51.5,28.220142344011517,47,Cash
2024-08-29 03:23:14.594594592,5261,132,Product_132,Toys,4,238.68,168.83602611373198,39,Online
2024-08-29 12:09:22.162162160,8648,173,Product_173,Home,2,246.24,135.4984753915025,285,Online
2024-08-29 20:55:29.729729728,6115,139,Product_139,Electronics,4,422.05,250.3147084616673,90,Card
2024-08-30 05:41:37.297297296,5637,131,Product_131,Toys,8,118.41,77.08532907452242,85,Online
2024-08-30 14:27:44.864864864,5854,196,Product_196,Clothing,9,196.69,145.34056821381583,273,Cash
2024-08-30 23:13:52.432432432,4177,101,Product_101,Home,3,406.12,293.15397350087363,188,Online
2024-08-31 08:00:00.000000000,8730,196,Product_196,Home,7,413.58,286.88402973727915,159,Online
2024-08-31 16:46:07.567567568,3180,132,Product_132,Clothing,9,198.46,108.50442838842218,243,Card
2024-09-01 01:32:15.135135136,5892,176,Product_176,Toys,4,234.97,156.04677345778768,73,Online
2024-09-01 10:18:22.702702700,8043,129,Product_129,Books,3,158.61,83.46596689514396,49,Card
2024-09-01 19:04:30.270270268,1137,132,Product_132,Clothing,5,466.95,286.33792062155885,101,Card
2024-09-02 03:50:37.837837836,7327,176,Product_176,Toys,1,68.14,42.52310491218734,2,Online
2024-09-02 12:36:45.405405404,4472,125,Product_125,Clothing,3,467.54,239.35403211954034,244,Cash
2024-09-02 21:22:52.972972972,6449,121,Product_121,Clothing,8,345.09,200.91016597382776,176,Card
2024-09-03 06:09:00.540540540,3832,165,Product_165,Electronics,8,270.47,212.77735342347023,238,Online
2024-09-03 14:55:08.108108108,4579,137,Product_137,Toys,4,26.0,20.43833434107158,59,Card
2024-09-03 23:41:15.675675676,6971,189,Product_189,Books,2,243.04,147.20887017966112,99,Cash
2024-09-04 08:27:23.243243244,5164,145,Product_145,Electronics,8,209.8,107.61272085720752,2,Cash
2024-09-04 17:13:30.810810812,8941,114,Product_114,Clothing,8,89.0,49.28183488006245,243,Card
2024-09-05 01:59:38.378378376,6569,197,Product_197,Clothing,4,331.64,204.84253270428977,297,Cash
2024-09-05 10:45:45.945945944,5300,143,Product_143,Clothing,3,485.86,381.076473216599,211,Online
2024-09-05 19:31:53.513513512,7269,148,Product_148,Toys,2,285.47,154.82742900038807,123,Online
2024-09-06 04:18:01.081081080,4818,174,Product_174,Toys,9,360.23,262.62739370938004,229,Card
2024-09-06 13:04:08.648648648,2906,160,Product_160,Electronics,1,43.54,23.18961132931223,82,Cash
2024-09-06 21:50:16.216216216,7254,166,Product_166,Books,7,214.66,170.52102546884345,144,Online
2024-09-07 06:36:23.783783784,1760,105,Product_105,Electronics,5,67.02,41.182781331088265,140,Online
2024-09-07 15:22:31.351351352,8830,108,Product_108,Home,8,310.27,227.294606115263,29,Online
2024-09-08 00:08:38.918918920,8350,105,Product_105,Clothing,4,469.86,283.22095385089153,270,Card
2024-09-08 08:54:46.486486484,7238,172,Product_172,Clothing,7,334.27,230.07826267036248,247,Card
2024-09-08 17:40:54.054054052,7090,194,Product_194,Clothing,5,47.63,26.558717834850388,12,Online
2024-09-09 02:27:01.621621620,7031,131,Product_131,Electronics,5,183.79,99.94616094097661,106,Online
2024-09-09 11:13:09.189189188,8687,140,Product_140,Electronics,9,279.83,218.66454645260507,32,Cash
2024-09-09 19:59:16.756756756,9472,175,Product_175,Clothing,9,207.57,160.92781364238698,74,Cash
2024-09-10 04:45:24.324324324,2887,107,Product_107,Electronics,9,418.49,320.6640630369068,171,Cash
2024-09-10 13:31:31.891891892,4266,171,Product_171,Toys,6,409.19,281.37133404210056,69,Card
2024-09-10 22:17:39.459459460,1666,149,Product_149,Toys,6,309.8,230.0204475504409,137,Online
2024-09-11 07:03:47.027027028,5188,191,Product_191,Electronics,5,192.99,100.49203153635787,100,Card
2024-09-11 15:49:54.594594592,1671,161,Product_161,Clothing,9,135.11,81.12500423495491,146,Online
2024-09-12 00:36:02.162162160,7777,183,Product_183,Electronics,8,61.88,36.763584807991855,9,Cash
2024-09-12 09:22:09.729729728,8570,161,Product_161,Electronics,7,183.9,127.01855241212569,62,Cash
2024-09-12 18:08:17.297297296,8956,106,Product_106,Electronics,7,212.45,128.91196869215128,185,Cash
2024-09-13 02:54:24.864864864,6124,174,Product_174,Home,6,341.15,185.77392656732252,29,Cash
2024-09-13 11:40:32.432432432,6585,183,Product_183,Toys,5,332.5,225.74759077250098,114,Online
2024-09-13 20:26:40.000000000,5777,179,Product_179,Books,4,44.35,33.010378064502135,143,Cash
2024-09-14 05:12:47.567567568,4900,103,Product_103,Books,3,203.68,125.1892740054822,120,Online
2024-09-14 13:58:55.135135136,7677,105,Product_105,Home,3,99.07,53.46615848144197,170,Online
2024-09-14 22:45:02.702702700,7981,157,Product_157,Electronics,6,86.84,48.54412091639367,157,Card
2024-09-15 07:31:10.270270268,7376,121,Product_121,Home,4,415.38,237.2837445903776,260,Cash
2024-09-15 16:17:17.837837836,1523,125,Product_125,Home,6,30.54,18.01766174701594,82,Cash
2024-09-16 01:03:25.405405404,3393,102,Product_102,Clothing,3,215.4,149.23741745611773,242,Card
2024-09-16 09:49:32.972972972,3593,140,Product_140,Toys,4,92.42,62.8718145042928,172,Online
2024-09-16 18:35:40.540540540,8240,159,Product_159,Books,9,440.87,312.4992185707182,231,Cash
2024-09-17 03:21:48.108108108,7937,113,Product_113,Electronics,5,282.95,172.24598095695748,208,Online
2024-09-17 12:07:55.675675676,7190,174,Product_174,Books,7,123.38,92.18944908668553,75,Card
2024-09-17 20:54:03.243243244,6240,181,Product_181,Books,2,256.19,143.78056537344827,270,Online
2024-09-18 05:40:10.810810808,7493,111,Product_111,Toys,5,368.43,236.05760478243403,114,Cash
2024-09-18 14:26:18.378378376,3878,186,Product_186,Books,9,479.48,354.9502294614055,62,Online
2024-09-18 23:12:25.945945944,5143,111,Product_111,Books,3,118.02,65.38869708162112,102,Online
2024-09-19 07:58:33.513513512,4644,112,Product_112,Home,9,444.23,236.75634730512044,210,Cash
2024-09-19 16:44:41.081081080,5432,124,Product_124,Toys,6,467.81,357.9238590772356,255,Cash
2024-09-20 01:30:48.648648648,2276,144,Product_144,Clothing,4,459.05,276.7515585068827,20,Online
2024-09-20 10:16:56.216216216,6811,118,Product_118,Electronics,7,321.35,226.60349939185525,58,Online
2024-09-20 19:03:03.783783784,1302,154,Product_154,Books,8,318.61,161.72789564136002,112,Card
2024-09-21 03:49:11.351351352,1638,199,Product_199,Electronics,6,207.57,146.75490978814486,196,Cash
2024-09-21 12:35:18.918918920,1055,144,Product_144,Clothing,5,378.67,225.24442509304743,92,Online
2024-09-21 21:21:26.486486484,9717,107,Product_107,Electronics,6,270.33,139.68552748508793,52,Cash
2024-09-22 06:07:34.054054052,9150,192,Product_192,Clothing,5,341.94,233.52581270512894,293,Card
2024-09-22 14:53:41.621621620,3125,152,Product_152,Home,8,219.94,125.85871739214012,8,Online
2024-09-22 23:39:49.189189188,1364,154,Product_154,Books,1,368.43,226.96841765675225,98,Online
2024-09-23 08:25:56.756756756,7809,131,Product_131,Clothing,7,413.99,217.00289514354816,236,Online
2024-09-23 17:12:04.324324324,5621,150,Product_150,Electronics,2,81.75,44.48417873310353,69,Cash
2024-09-24 01:58:11.891891892,6126,143,Product_143,Books,9,418.14,246.44886037506964,45,Card
2024-09-24 10:44:19.459459460,6122,181,Product_181,Home,1,274.75,144.77342683367095,137,Cash
2024-09-24 19:30:27.027027028,2646,169,Product_169,Books,6,423.89,327.77204360136466,234,Online
2024-09-25 04:16:34.594594592,1918,117,Product_117,Clothing,9,221.34,111.07153576150253,32,Card
2024-09-25 13:02:42.162162160,3797,182,Product_182,Home,1,195.73,126.2767881914935,289,Online
2024-09-25 21:48:49.729729728,7506,121,Product_121,Electronics,4,458.38,246.13825095763968,126,Online
2024-09-26 06:34:57.297297296,6870,136,Product_136,Home,4,133.07,78.81785693104919,67,Cash
2024-09-26 15:21:04.864864864,2531,195,Product_195,Home,9,423.66,329.53031793378193,30,Online
2024-09-27 00:07:12.432432432,9172,155,Product_155,Toys,5,247.17,135.5748128198194,114,Card
2024-09-27 08:53:20.000000000,4345,158,Product_158,Home,5,261.91,206.84334285722858,204,Online
2024-09-27 17:39:27.567567568,8673,102,Product_102,Home,6,161.15,90.5241291555536,29,Online
2024-09-28 02:25:35.135135136,7949,127,Product_127,Books,1,290.79,210.08700260432084,131,Cash
2024-09-28 11:11:42.702702700,7882,173,Product_173,Electronics,1,169.35,112.44893844310792,185,Card
2024-09-28 19:57:50.270270268,2906,134,Product_134,Books,9,29.24,22.378647398478773,253,Cash
2024-09-29 04:43:57.837837836,4086,160,Product_160,Books,3,143.28,95.45284609454659,286,Online
2024-09-29 13:30:05.405405404,9152,192,Product_192,Clothing,4,13.13,8.6706287642567,62,Cash
2024-09-29 22:16:12.972972972,6750,153,Product_153,Books,1,489.39,273.39155724008737,3,Cash
2024-09-30 07:02:20.540540540,9905,162,Product_162,Toys,9,483.22,265.70760569918076,68,Cash
2024-09-30 15:48:28.108108108,2062,178,Product_178,Toys,8,203.63,157.80240575249567,25,Cash
2024-10-01 00:34:35.675675676,2976,196,Product_196,Clothing,2,366.9,219.53515054742326,179,Online
2024-10-01 09:20:43.243243244,2296,106,Product_106,Electronics,8,179.44,109.74993194916262,141,Online
2024-10-01 18:06:50.810810808,7229,175,Product_175,Electronics,7,338.84,246.65759452656252,231,Card
2024-10-02 02:52:58.378378376,8641,148,Product_148,Books,6,404.66,243.462493119164,163,Cash
2024-10-02 11:39:05.945945944,1125,193,Product_193,Books,1,473.91,372.312574226007,130,Cash
2024-10-02 20:25:13.513513512,5632,184,Product_184,Books,7,206.1,148.67607395719583,246,Card
2024-10-03 05:11:21.081081080,7288,130,Product_130,Electronics,7,393.82,267.4938752930793,297,Cash
2024-10-03 13:57:28.648648648,4596,157,Product_157,Home,9,140.3,107.22687730732864,172,Card
2024-10-03 22:43:36.216216216,7168,160,Product_160,Toys,1,495.26,255.00034665074944,64,Online
2024-10-04 07:29:43.783783784,8561,123,Product_123,Home,2,22.63,13.060198617272537,31,Card
2024-10-04 16:15:51.351351352,9258,119,Product_119,Home,9,305.73,195.51766753840766,47,Cash
2024-10-05 01:01:58.918918920,1232,136,Product_136,Electronics,9,333.16,189.2660510630996,130,Card
2024-10-05 09:48:06.486486484,7371,103,Product_103,Home,6,347.14,251.0417740160207,110,Online
2024-10-05 18:34:14.054054052,5206,191,Product_191,Clothing,6,68.99,53.51984861871895,69,Cash
2024-10-06 03:20:21.621621620,8943,119,Product_119,Books,4,469.88,294.6763311859427,58,Online
2024-10-06 12:06:29.189189188,7891,159,Product_159,Clothing,4,98.78,59.5287574717159,106,Online
2024-10-06 20:52:36.756756756,7738,123,Product_123,Toys,5,315.15,248.4848139699462,256,Card
2024-10-07 05:38:44.324324324,3472,149,Product_149,Books,3,119.11,75.45091198222651,171,Online
2024-10-07 14:24:51.891891892,3739,148,Product_148,Home,1,160.54,103.82354906243839,162,Cash
2024-10-07 23:10:59.459459460,6401,150,Product_150,Toys,1,277.76,168.1822805625063,286,Online
2024-10-08 07:57:07.027027028,2761,195,Product_195,Books,7,214.42,165.7176150749788,71,Online
2024-10-08 16:43:14.594594592,1876,135,Product_135,Home,1,88.51,59.36247494758299,255,Card
2024-10-09 01:29:22.162162160,4812,197,Product_197,Clothing,1,93.76,68.31844678824531,55,Online
2024-10-09 10:15:29.729729728,2460,199,Product_199,Books,3,214.89,159.77974371192659,3,Card
2024-10-09 19:01:37.297297296,2733,165,Product_165,Home,4,381.07,229.61552432102286,26,Card
2024-10-10 03:47:44.864864864,2605,178,Product_178,Clothing,4,450.0,283.5487347282513,126,Cash
2024-10-10 12:33:52.432432432,6622,133,Product_133,Toys,2,51.22,38.647617285526664,53,Cash
2024-10-10 21:20:00.000000000,7767,135,Product_135,Toys,1,202.62,123.39083980696581,198,Cash
2024-10-11 06:06:07.567567568,7986,105,Product_105,Toys,3,59.12,43.641233526902035,299,Cash
2024-10-11 14:52:15.135135136,4517,138,Product_138,Toys,4,18.13,14.183057242482363,188,Card
2024-10-11 23:38:22.702702700,4735,141,Product_141,Electronics,3,334.24,229.6105505282752,186,Online
2024-10-12 08:24:30.270270268,9434,157,Product_157,Books,8,305.2,220.50339443909496,298,Cash
2024-10-12 17:10:37.837837836,3590,111,Product_111,Books,1,89.88,66.64864392187717,204,Cash
2024-10-13 01:56:45.405405404,2063,102,Product_102,Electronics,2,124.57,93.86497671891642,11,Cash
2024-10-13 10:42:52.972972972,5324,117,Product_117,Home,7,21.62,13.372315949339178,146,Online
2024-10-13 19:29:00.540540540,6342,139,Product_139,Home,4,419.12,216.0056623029533,85,Cash
2024-10-14 04:15:08.108108108,1005,120,Product_120,Toys,8,487.6,302.5864609565103,100,Online
2024-10-14 13:01:15.675675676,8489,114,Product_114,Clothing,3,76.38,53.62845024927263,104,Card
2024-10-14 21:47:23.243243244,9659,196,Product_196,Home,6,123.42,78.38467338391965,46,Card
2024-10-15 06:33:30.810810808,9195,198,Product_198,Clothing,9,435.52,315.6165294388162,44,Card
2024-10-15 15:19:38.378378376,6966,125,Product_125,Books,1,463.97,281.67374134017285,278,Online
2024-10-16 00:05:45.945945944,9837,107,Product_107,Clothing,1,215.62,148.86905951145528,181,Cash
2024-10-16 08:51:53.513513512,1117,199,Product_199,Books,8,34.81,19.351782022090056,187,Cash
2024-10-16 17:38:01.081081080,3551,193,Product_193,Electronics,3,29.3,21.236957348109172,114,Cash
2024-10-17 02:24:08.648648648,6560,186,Product_186,Electronics,5,291.24,193.2985481871317,255,Cash
2024-10-17 11:10:16.216216216,5289,141,Product_141,Toys,1,202.52,113.65813599053728,30,Cash
2024-10-17 19:56:23.783783784,1846,143,Product_143,Home,5,24.04,14.125263383266187,264,Online
2024-10-18 04:42:31.351351352,7316,113,Product_113,Toys,6,295.79,214.32429097342612,98,Card
2024-10-18 13:28:38.918918916,7469,177,Product_177,Books,8,15.54,10.01988696065401,115,Cash
2024-10-18 22:14:46.486486484,9915,101,Product_101,Toys,3,395.81,223.55722132659457,276,Card
2024-10-19 07:00:54.054054052,1224,136,Product_136,Clothing,3,160.15,126.54754434134097,281,Online
2024-10-19 15:47:01.621621620,5208,168,Product_168,Books,9,29.73,21.243200051746825,275,Online
2024-10-20 00:33:09.189189188,7283,137,Product_137,Electronics,4,298.29,234.79612475948875,261,Cash
2024-10-20 09:19:16.756756756,3048,140,Product_140,Home,4,204.87,128.68530319289206,207,Online
2024-10-20 18:05:24.324324324,7233,161,Product_161,Books,7,487.16,313.0149645914136,211,Card
2024-10-21 02:51:31.891891892,2828,159,Product_159,Books,2,276.66,212.85848703292427,215,Cash
2024-10-21 11:37:39.459459460,2917,113,Product_113,Clothing,8,144.87,95.25416937640468,40,Cash
2024-10-21 20:23:47.027027028,5234,188,Product_188,Home,6,357.63,254.69824717944715,26,Card
2024-10-22 05:09:54.594594592,7988,183,Product_183,Electronics,3,143.03,82.3354860004557,27,Cash
2024-10-22 13:56:02.162162160,3026,101,Product_101,Books,9,453.08,287.2608485319377,190,Cash
2024-10-22 22:42:09.729729728,4744,169,Product_169,Books,5,193.61,103.97533855586286,83,Card
2024-10-23 07:28:17.297297296,1009,116,Product_116,Clothing,8,279.44,156.98771836763746,170,Cash
2024-10-23 16:14:24.864864864,1260,188,Product_188,Toys,7,34.78,17.39984359490246,167,Cash
2024-10-24 01:00:32.432432432,7038,127,Product_127,Electronics,8,218.8,111.97735799021807,188,Card
2024-10-24 09:46:40.000000000,3219,165,Product_165,Home,7,417.86,331.4403455058135,169,Online
2024-10-24 18:32:47.567567568,8041,134,Product_134,Books,3,404.77,231.81425155415215,289,Card
2024-10-25 03:18:55.135135136,3060,104,Product_104,Books,2,119.92,83.82326608511597,229,Cash
2024-10-25 12:05:02.702702700,6287,164,Product_164,Electronics,7,120.78,90.79393848630514,97,Card
2024-10-25 20:51:10.270270268,2619,139,Product_139,Toys,3,410.48,273.05053159222746,16,Cash
2024-10-26 05:37:17.837837836,9512,175,Product_175,Books,3,465.9,254.35500677673457,279,Cash
2024-10-26 14:23:25.405405404,2342,155,Product_155,Electronics,2,56.73,40.75681364702422,135,Card
2024-10-26 23:09:32.972972972,3832,135,Product_135,Clothing,4,230.53,156.77778727107707,26,Cash
2024-10-27 07:55:40.540540540,3824,144,Product_144,Toys,8,175.35,126.14243725261868,12,Online
2024-10-27 16:41:48.108108108,2994,122,Product_122,Home,1,436.64,319.1506496212956,72,Cash
2024-10-28 01:27:55.675675676,4490,146,Product_146,Books,1,50.93,40.368295007855224,133,Card
2024-10-28 10:14:03.243243244,8984,130,Product_130,Electronics,5,113.45,76.24622623570907,106,Online
2024-10-28 19:00:10.810810808,2604,110,Product_110,Clothing,5,378.71,228.16987173611736,220,Online
2024-10-29 03:46:18.378378376,1235,109,Product_109,Home,1,35.13,24.3991679651716,177,Cash
2024-10-29 12:32:25.945945944,2908,166,Product_166,Electronics,6,251.34,130.8305663583125,282,Card
2024-10-29 21:18:33.513513512,9567,113,Product_113,Electronics,1,226.63,174.32814627536635,133,Cash
2024-10-30 06:04:41.081081080,4530,179,Product_179,Home,5,173.86,93.15667478937769,22,Cash
2024-10-30 14:50:48.648648648,6256,173,Product_173,Clothing,9,203.34,121.66906879671068,269,Card
2024-10-30 23:36:56.216216216,3635,192,Product_192,Clothing,5,269.67,200.82961703803383,161,Card
2024-10-31 08:23:03.783783784,9162,109,Product_109,Toys,6,89.07,60.49578406137495,107,Cash
2024-10-31 17:09:11.351351352,3560,175,Product_175,Books,8,290.28,179.41935564784075,279,Online
2024-11-01 01:55:18.918918916,6415,193,Product_193,Home,1,404.66,259.80414217680885,235,Cash
2024-11-01 10:41:26.486486484,4391,100,Product_100,Home,2,382.48,289.294186085591,18,Online
2024-11-01 19:27:34.054054052,6951,104,Product_104,Home,9,85.41,51.41693238401262,242,Cash
2024-11-02 04:13:41.621621620,6468,119,Product_119,Clothing,3,83.13,63.25319348953073,117,Card
2024-11-02 12:59:49.189189188,9007,107,Product_107,Books,6,141.41,74.44392696532418,286,Online
2024-11-02 21:45:56.756756756,7413,142,Product_142,Toys,5,186.93,137.0270795602228,282,Card
2024-11-03 06:32:04.324324324,7941,175,Product_175,Electronics,2,210.14,158.5010978830367,144,Card
2024-11-03 15:18:11.891891892,5820,100,Product_100,Electronics,7,343.05,190.23676374175471,205,Card
2024-11-04 00:04:19.459459460,3898,156,Product_156,Home,4,37.77,23.761256558309405,39,Card
2024-11-04 08:50:27.027027028,8546,163,Product_163,Books,1,26.99,14.835051675451618,154,Card
2024-11-04 17:36:34.594594592,1077,183,Product_183,Clothing,4,202.04,143.84868946659753,176,Cash
2024-11-05 02:22:42.162162160,8577,127,Product_127,Books,6,351.61,232.27508861844774,241,Online
2024-11-05 11:08:49.729729728,5227,136,Product_136,Books,7,104.78,72.36075408042937,134,Cash
2024-11-05 19:54:57.297297296,1600,146,Product_146,Clothing,7,324.34,181.28857485877325,46,Cash
2024-11-06 04:41:04.864864864,2065,175,Product_175,Home,7,137.32,77.38308253311148,50,Cash
2024-11-06 13:27:12.432432432,3136,136,Product_136,Books,3,444.18,227.61968461349707,166,Card
2024-11-06 22:13:20.000000000,7943,148,Product_148,Electronics,6,448.89,267.81686876220334,106,Cash
2024-11-07 06:59:27.567567568,8804,143,Product_143,Clothing,8,155.67,103.97563542894395,216,Online
2024-11-07 15:45:35.135135136,7565,155,Product_155,Toys,4,122.7,92.93058418424168,146,Cash
2024-11-08 00:31:42.702702700,6984,127,Product_127,Home,8,211.54,148.09454967062277,72,Card
2024-11-08 09:17:50.270270268,6142,178,Product_178,Clothing,2,127.86,80.63093217296768,273,Online
2024-11-08 18:03:57.837837836,5670,105,Product_105,Toys,9,339.47,266.8017055700134,247,Online
2024-11-09 02:50:05.405405404,3190,160,Product_160,Toys,9,414.77,296.88139955285135,186,Online
2024-11-09 11:36:12.972972972,3712,119,Product_119,Books,8,339.82,264.73662177102557,70,Online
2024-11-09 20:22:20.540540540,3192,177,Product_177,Books,1,413.93,272.48034693296427,150,Cash
2024-11-10 05:08:28.108108108,2248,101,Product_101,Books,2,204.53,118.15110739703225,246,Card
2024-11-10 13:54:35.675675676,5033,172,Product_172,Clothing,6,86.6,44.67243731175547,262,Online
2024-11-10 22:40:43.243243244,2997,136,Product_136,Clothing,5,371.6,266.7439392434197,26,Online
2024-11-11 07:26:50.810810808,4687,119,Product_119,Home,9,186.63,100.10663355533185,140,Card
2024-11-11 16:12:58.378378376,5018,125,Product_125,Books,5,338.92,200.24496394218053,99,Cash
2024-11-12 00:59:05.945945944,2970,128,Product_128,Toys,2,142.62,94.09230026472044,278,Online
2024-11-12 09:45:13.513513512,9389,100,Product_100,Electronics,4,49.8,33.33238382142943,51,Cash
2024-11-12 18:31:21.081081080,6765,134,Product_134,Home,9,496.37,337.6184444465514,151,Cash
2024-11-13 03:17:28.648648648,2202,169,Product_169,Clothing,1,86.54,47.58632088653893,104,Cash
2024-11-13 12:03:36.216216216,9135,158,Product_158,Home,1,494.33,303.4796773976457,89,Cash
2024-11-13 20:49:43.783783784,6567,168,Product_168,Home,7,488.87,334.95332254320147,141,Online
2024-11-14 05:35:51.351351352,8667,132,Product_132,Home,3,398.97,315.56358972688236,213,Online
2024-11-14 14:21:58.918918916,6742,150,Product_150,Home,2,333.12,239.2765453771561,233,Cash
2024-11-14 23:08:06.486486484,6788,177,Product_177,Electronics,9,293.13,227.69785179508557,183,Cash
2024-11-15 07:54:14.054054052,6408,111,Product_111,Books,3,434.39,316.5241888033286,251,Card
2024-11-15 16:40:21.621621620,9669,119,Product_119,Toys,2,151.83,102.86711621607996,9,Card
2024-11-16 01:26:29.189189188,1922,152,Product_152,Home,8,239.16,133.35729268879444,79,Card
2024-11-16 10:12:36.756756756,1419,187,Product_187,Home,6,313.5,219.45178556049086,52,Online
2024-11-16 18:58:44.324324324,3204,142,Product_142,Home,6,211.48,145.28969318276035,269,Card
2024-11-17 03:44:51.891891892,2120,197,Product_197,Books,7,219.47,149.40217265207687,226,Online
2024-11-17 12:30:59.459459460,1950,188,Product_188,Clothing,7,171.84,111.1694410665298,51,Online
2024-11-17 21:17:07.027027028,3336,149,Product_149,Clothing,6,286.47,188.66827720344236,186,Online
2024-11-18 06:03:14.594594592,6373,128,Product_128,Electronics,4,426.78,256.2100145170393,34,Online
2024-11-18 14:49:22.162162160,3243,156,Product_156,Clothing,9,108.75,71.31757659745514,291,Card
2024-11-18 23:35:29.729729728,3645,138,Product_138,Home,6,467.87,261.6641444769369,230,Cash
2024-11-19 08:21:37.297297296,5612,194,Product_194,Home,4,347.65,257.8006637727005,131,Cash
2024-11-19 17:07:44.864864864,2865,155,Product_155,Home,3,413.4,229.74005792173375,120,Cash
2024-11-20 01:53:52.432432432,7028,142,Product_142,Electronics,4,282.53,148.46665776474129,247,Card
2024-11-20 10:40:00.000000000,8326,149,Product_149,Home,3,391.96,247.27729774728542,192,Cash
2024-11-20 19:26:07.567567568,7371,122,Product_122,Clothing,2,17.94,12.513010639421628,210,Card
2024-11-21 04:12:15.135135136,7359,143,Product_143,Books,5,411.01,259.47679766478046,103,Card
2024-11-21 12:58:22.702702700,8863,137,Product_137,Books,2,29.67,17.2983885284986,133,Card
2024-11-21 21:44:30.270270268,4228,183,Product_183,Toys,6,446.06,297.723351485851,139,Cash
2024-11-22 06:30:37.837837836,4719,122,Product_122,Clothing,3,496.06,299.6701935513728,121,Cash
2024-11-22 15:16:45.405405404,3371,144,Product_144,Home,6,154.09,120.16867471148387,94,Cash
2024-11-23 00:02:52.972972972,3891,151,Product_151,Books,9,113.06,87.82427784507396,129,Online
2024-11-23 08:49:00.540540540,4756,179,Product_179,Clothing,1,385.03,250.54346655315675,91,Card
2024-11-23 17:35:08.108108108,5225,149,Product_149,Books,6,133.98,80.16896925556989,92,Online
2024-11-24 02:21:15.675675676,1094,107,Product_107,Home,9,434.13,313.06838846129875,63,Card
2024-11-24 11:07:23.243243244,3674,184,Product_184,Books,4,60.39,30.86012839708272,29,Cash
2024-11-24 19:53:30.810810808,7898,100,Product_100,Toys,2,71.72,46.075129934035196,210,Card
2024-11-25 04:39:38.378378376,1793,107,Product_107,Toys,4,489.78,294.3073416137172,12,Card
2024-11-25 13:25:45.945945944,3116,128,Product_128,Books,1,340.18,264.03436921825613,297,Online
2024-11-25 22:11:53.513513512,6779,195,Product_195,Clothing,3,424.97,214.0152779500216,130,Card
2024-11-26 06:58:01.081081080,7166,104,Product_104,Clothing,9,168.92,112.47444664190304,293,Cash
2024-11-26 15:44:08.648648648,1814,185,Product_185,Clothing,5,341.48,246.61653989878948,173,Card
2024-11-27 00:30:16.216216216,1345,146,Product_146,Books,6,301.18,194.41331524474722,208,Card
2024-11-27 09:16:23.783783784,9554,133,Product_133,Clothing,3,305.54,160.5982125507754,24,Card
2024-11-27 18:02:31.351351352,3443,164,Product_164,Home,5,344.44,272.7063803543632,99,Online
2024-11-28 02:48:38.918918916,8783,154,Product_154,Toys,8,291.93,191.33183556948728,139,Card
2024-11-28 11:34:46.486486484,1984,189,Product_189,Home,6,220.24,150.70051353464575,174,Card
2024-11-28 20:20:54.054054052,8790,142,Product_142,Clothing,4,145.2,82.906722134739,29,Online
2024-11-29 05:07:01.621621620,1827,173,Product_173,Home,2,386.6,249.37610791068713,143,Online
2024-11-29 13:53:09.189189188,4531,129,Product_129,Clothing,9,120.87,75.99638972790072,42,Online
2024-11-29 22:39:16.756756756,8147,181,Product_181,Books,1,349.25,182.47221184575784,299,Online
2024-11-30 07:25:24.324324324,5451,116,Product_116,Home,1,124.33,66.12467502696698,208,Cash
2024-11-30 16:11:31.891891892,4876,125,Product_125,Books,4,316.41,237.70040397977294,192,Cash
2024-12-01 00:57:39.459459460,6959,107,Product_107,Books,7,376.07,215.09172682789972,160,Card
2024-12-01 09:43:47.027027024,1126,146,Product_146,Electronics,1,117.17,65.43797820144836,64,Cash
2024-12-01 18:29:54.594594592,4177,175,Product_175,Clothing,9,39.37,25.64850915071539,243,Card
2024-12-02 03:16:02.162162160,9795,190,Product_190,Toys,4,74.18,54.19769866134137,258,Cash
2024-12-02 12:02:09.729729728,7024,171,Product_171,Clothing,3,306.94,159.17415932379038,152,Online
2024-12-02 20:48:17.297297296,6109,188,Product_188,Toys,1,426.23,286.87085187622415,215,Online
2024-12-03 05:34:24.864864864,5146,145,Product_145,Clothing,4,32.05,17.17120840791211,166,Cash
2024-12-03 14:20:32.432432432,8196,167,Product_167,Books,9,369.73,188.90922329652676,31,Cash
2024-12-03 23:06:40.000000000,4368,132,Product_132,Home,6,177.25,91.42965965622592,232,Card
2024-12-04 07:52:47.567567568,4797,100,Product_100,Home,6,244.48,183.42093235243993,282,Card
2024-12-04 16:38:55.135135136,2792,118,Product_118,Electronics,1,465.14,249.03211631042697,29,Card
2024-12-05 01:25:02.702702700,6732,130,Product_130,Toys,2,172.67,88.67388582792114,195,Online
2024-12-05 10:11:10.270270268,4476,179,Product_179,Toys,6,238.02,150.27867934132684,256,Online
2024-12-05 18:57:17.837837836,4417,113,Product_113,Toys,2,16.7,12.578407294429542,281,Online
2024-12-06 03:43:25.405405404,2645,152,Product_152,Books,3,49.98,28.92455119708059,294,Online
2024-12-06 12:29:32.972972972,4030,147,Product_147,Toys,4,136.71,85.6506995825904,87,Card
2024-12-06 21:15:40.540540540,3872,168,Product_168,Home,5,23.65,12.108250368539814,149,Online
2024-12-07 06:01:48.108108108,4072,189,Product_189,Books,9,319.37,202.7116615177766,249,Online
2024-12-07 14:47:55.675675676,2854,161,Product_161,Clothing,4,218.94,147.40878236240823,283,Online
2024-12-07 23:34:03.243243244,5021,191,Product_191,Toys,9,278.59,187.009698831443,198,Online
2024-12-08 08:20:10.810810808,5662,165,Product_165,Toys,3,95.58,57.32200297140775,44,Cash
2024-12-08 17:06:18.378378376,7514,163,Product_163,Clothing,8,155.01,92.17823950037779,28,Card
2024-12-09 01:52:25.945945944,6031,169,Product_169,Toys,1,335.27,178.35931021626195,17,Card
2024-12-09 10:38:33.513513512,3708,162,Product_162,Clothing,9,483.0,294.6490766616443,127,Online
2024-12-09 19:24:41.081081080,8112,172,Product_172,Books,9,34.7,18.385739502967564,168,Cash
2024-12-10 04:10:48.648648648,9393,132,Product_132,Home,2,446.29,325.7822312496625,244,Card
2024-12-10 12:56:56.216216216,4507,140,Product_140,Clothing,4,292.67,231.1748496165885,76,Card
2024-12-10 21:43:03.783783784,7456,188,Product_188,Electronics,8,286.32,226.48551552984347,231,Online
2024-12-11 06:29:11.351351352,5212,147,Product_147,Clothing,7,255.14,193.7842720883914,204,Online
2024-12-11 15:15:18.918918916,8970,112,Product_112,Toys,1,44.0,29.930456371282972,248,Card
2024-12-12 00:01:26.486486484,9766,172,Product_172,Books,5,54.04,38.382434683717776,214,Card
2024-12-12 08:47:34.054054052,1536,176,Product_176,Books,7,304.45,178.27427198781564,215,Cash
2024-12-12 17:33:41.621621620,2625,130,Product_130,Clothing,4,177.07,122.0421554899898,158,Card
2024-12-13 02:19:49.189189188,8973,174,Product_174,Home,1,459.46,292.53582259569384,69,Card
2024-12-13 11:05:56.756756756,9577,167,Product_167,Electronics,9,209.23,134.87074640045827,85,Online
2024-12-13 19:52:04.324324324,9070,197,Product_197,Books,5,80.21,58.339377372307425,267,Card
2024-12-14 04:38:11.891891892,9666,103,Product_103,Toys,2,360.21,210.56994326090577,69,Online
2024-12-14 13:24:19.459459460,9609,118,Product_118,Toys,8,153.74,91.53862297057465,99,Card
2024-12-14 22:10:27.027027024,7490,169,Product_169,Home,2,267.48,207.93695588732635,216,Card
2024-12-15 06:56:34.594594592,4600,197,Product_197,Books,3,351.94,181.90627349895536,161,Card
2024-12-15 15:42:42.162162160,7783,181,Product_181,Clothing,1,451.13,291.2902603129631,94,Cash
2024-12-16 00:28:49.729729728,5971,112,Product_112,Toys,2,398.17,308.1199684095195,174,Online
2024-12-16 09:14:57.297297296,2205,122,Product_122,Home,7,341.42,233.22704143878255,165,Cash
2024-12-16 18:01:04.864864864,2990,182,Product_182,Books,2,343.02,227.73856637887366,115,Card
2024-12-17 02:47:12.432432432,6299,174,Product_174,Books,6,473.5,272.2261606595299,220,Cash
2024-12-17 11:33:20.000000000,4572,100,Product_100,Books,3,154.95,93.43216110916086,31,Online
2024-12-17 20:19:27.567567568,6975,187,Product_187,Books,4,10.54,7.964177090774439,11,Card
2024-12-18 05:05:35.135135136,7320,153,Product_153,Books,8,143.26,95.66407686714479,130,Cash
2024-12-18 13:51:42.702702700,5380,170,Product_170,Toys,3,116.77,76.41693378949377,105,Cash
2024-12-18 22:37:50.270270268,5757,188,Product_188,Home,6,334.3,177.13684947092952,27,Online
2024-12-19 07:23:57.837837836,3713,184,Product_184,Books,1,320.52,161.8012034120988,227,Cash
2024-12-19 16:10:05.405405404,6588,114,Product_114,Electronics,7,300.8,237.3629514271193,2,Online
2024-12-20 00:56:12.972972972,1966,164,Product_164,Electronics,8,17.96,11.011201469341504,101,Card
2024-12-20 09:42:20.540540540,5944,175,Product_175,Home,8,367.1,249.98185452901842,21,Card
2024-12-20 18:28:28.108108108,4432,170,Product_170,Clothing,3,168.53,88.29531438527594,58,Cash
2024-12-21 03:14:35.675675676,1688,114,Product_114,Clothing,1,335.88,236.77332788659706,180,Card
2024-12-21 12:00:43.243243244,5243,120,Product_120,Clothing,9,282.72,220.45657796560482,20,Card
2024-12-21 20:46:50.810810808,4701,118,Product_118,Electronics,6,177.94,119.70016253550826,255,Cash
2024-12-22 05:32:58.378378376,9533,159,Product_159,Clothing,9,75.94,40.8431592743566,38,Card
2024-12-22 14:19:05.945945944,6182,192,Product_192,Toys,7,56.27,37.95504110527977,148,Cash
2024-12-22 23:05:13.513513512,7704,188,Product_188,Books,1,417.44,304.6911941915218,25,Online
2024-12-23 07:51:21.081081080,5422,132,Product_132,Electronics,1,460.01,286.0917012968243,121,Online
2024-12-23 16:37:28.648648648,2759,148,Product_148,Home,6,328.4,250.8816149271934,26,Online
2024-12-24 01:23:36.216216216,3482,195,Product_195,Home,5,60.68,42.14862448291746,169,Cash
2024-12-24 10:09:43.783783784,9058,134,Product_134,Books,9,206.99,159.33566007900464,225,Cash
2024-12-24 18:55:51.351351352,1951,143,Product_143,Electronics,2,367.18,252.2716040551392,1,Card
2024-12-25 03:41:58.918918916,9914,189,Product_189,Clothing,8,392.11,211.4987980108435,261,Card
2024-12-25 12:28:06.486486484,3079,110,Product_110,Clothing,5,67.93,40.276207380612654,13,Card
2024-12-25 21:14:14.054054052,3717,198,Product_198,Toys,2,10.02,5.616595614446885,48,Card
2024-12-26 06:00:21.621621620,5524,171,Product_171,Toys,6,358.95,277.34198140664034,291,Card
2024-12-26 14:46:29.189189188,9477,177,Product_177,Clothing,8,184.73,134.50561132900498,94,Cash
2024-12-26 23:32:36.756756756,8311,173,Product_173,Home,4,134.7,94.68325808765334,261,Cash
2024-12-27 08:18:44.324324324,8186,165,Product_165,Home,2,16.32,9.633531100916422,278,Online
2024-12-27 17:04:51.891891892,3065,145,Product_145,Toys,5,274.75,152.54489033623886,205,Online
2024-12-28 01:50:59.459459460,1768,108,Product_108,Books,2,427.06,310.4450004909634,185,Online
2024-12-28 10:37:07.027027024,6490,102,Product_102,Clothing,2,479.24,307.79063619492706,175,Online
2024-12-28 19:23:14.594594592,7645,184,Product_184,Toys,6,287.22,163.06538255061113,69,Cash
2024-12-29 04:09:22.162162160,6083,125,Product_125,Toys,9,262.09,179.52813627720107,104,Cash
2024-12-29 12:55:29.729729728,6232,171,Product_171,Clothing,4,51.68,26.465336043554558,246,Cash
2024-12-29 21:41:37.297297296,6797,147,Product_147,Clothing,6,278.95,166.7705577167229,161,Card
2024-12-30 06:27:44.864864864,5926,165,Product_165,Home,7,196.19,125.67285903065041,200,Card
2024-12-30 15:13:52.432432432,7016,169,Product_169,Books,6,307.5,167.3991563215927,216,Online
2024-12-31 00:00:00.000000000,4335,127,Product_127,Books,8,200.48,159.46105890022346,212,Card
